Country Name;Country Code;1990;1991;1992;1993;1994;1995;1996;1997;1998;1999;2000;2001;2002;2003;2004;2005;2006;2007;2008;2009;2010;2011;2012;2013;2014;2015;2016;2017;2018;2019;2020;2021;2022;2023;2024
China;CHN;1,12471E+12;1,2716E+12;1,48656E+12;1,73377E+12;2,00228E+12;2,2698E+12;2,54194E+12;2,82593E+12;3,08404E+12;3,36967E+12;3,74189E+12;4,1442E+12;4,59762E+12;5,16277E+12;5,83873E+12;6,71179E+12;7,7957E+12;9,13988E+12;1,02169E+13;1,12465E+13;1,25893E+13;1,40648E+13;1,54652E+13;1,66702E+13;1,77541E+13;1,85775E+13;1,96473E+13;2,09746E+13;2,28625E+13;2,47776E+13;2,57772E+13;2,94382E+13;3,25255E+13;3,55204E+13;3,81901E+13
United States;USA;5,96314E+12;6,15813E+12;6,52033E+12;6,85856E+12;7,28724E+12;7,63975E+12;8,07312E+12;8,57755E+12;9,06282E+12;9,63117E+12;1,0251E+13;1,05819E+13;1,09291E+13;1,14565E+13;1,22172E+13;1,30392E+13;1,38156E+13;1,44742E+13;1,47699E+13;1,44781E+13;1,5049E+13;1,55997E+13;1,6254E+13;1,68807E+13;1,76081E+13;1,8295E+13;1,88049E+13;1,96121E+13;2,06565E+13;2,154E+13;2,13541E+13;2,36812E+13;2,60069E+13;2,77207E+13;2,91849E+13
India;IND;1,04833E+12;1,09524E+12;1,18161E+12;1,26708E+12;1,38031E+12;1,516E+12;1,6603E+12;1,75733E+12;1,88698E+12;2,08296E+12;2,21197E+12;2,37088E+12;2,49931E+12;2,74899E+12;3,04657E+12;3,39106E+12;3,77741E+12;4,17697E+12;4,38886E+12;4,7631E+12;5,23066E+12;5,61838E+12;6,16275E+12;6,49774E+12;6,81281E+12;7,20458E+12;7,79552E+12;8,35471E+12;9,23079E+12;9,93285E+12;9,77102E+12;1,13844E+13;1,31241E+13;1,48459E+13;1,61908E+13
Russian Federation;RUS;1,18787E+12;1,16606E+12;1,01933E+12;9,53037E+11;8,51034E+11;8,32875E+11;8,17527E+11;8,4311E+11;8,07029E+11;8,70676E+11;1,00058E+12;1,07459E+12;1,1679E+12;1,33866E+12;1,47334E+12;1,69673E+12;2,13319E+12;2,37745E+12;2,8782E+12;2,7686E+12;2,927E+12;3,25932E+12;3,4803E+12;3,74178E+12;3,76353E+12;3,52624E+12;3,53898E+12;3,8071E+12;4,23184E+12;4,57955E+12;4,65143E+12;5,68827E+12;6,00631E+12;6,47648E+12;6,92125E+12
Japan;JPN;2,45876E+12;2,63147E+12;2,71568E+12;2,76728E+12;2,85699E+12;2,99364E+12;3,14399E+12;3,22959E+12;3,22445E+12;3,25897E+12;3,4612E+12;3,55284E+12;3,64793E+12;3,75392E+12;3,93896E+12;4,11044E+12;4,30032E+12;4,48208E+12;4,51727E+12;4,29563E+12;4,5254E+12;4,6294E+12;4,79961E+12;5,02159E+12;5,03445E+12;5,20091E+12;5,1589E+12;5,26225E+12;5,34406E+12;5,40446E+12;5,35671E+12;5,57465E+12;5,9304E+12;6,21296E+12;6,40767E+12
Germany;DEU;1,55061E+12;1,68494E+12;1,75812E+12;1,78058E+12;1,86386E+12;1,92882E+12;1,97907E+12;2,02164E+12;2,08762E+12;2,17713E+12;2,25817E+12;2,36156E+12;2,43454E+12;2,50122E+12;2,6205E+12;2,6649E+12;2,86248E+12;3,03689E+12;3,1566E+12;3,0758E+12;3,24904E+12;3,4838E+12;3,55719E+12;3,70075E+12;3,8822E+12;3,96657E+12;4,24671E+12;4,47259E+12;4,66536E+12;4,92498E+12;4,88037E+12;5,20231E+12;5,66389E+12;5,76347E+12;6,03785E+12
Brazil;BRA;9,97458E+11;1,04183E+12;1,05978E+12;1,13833E+12;1,23068E+12;1,30955E+12;1,36299E+12;1,43356E+12;1,45457E+12;1,48206E+12;1,58213E+12;1,64024E+12;1,7166E+12;1,77046E+12;1,92279E+12;2,04657E+12;2,19327E+12;2,38943E+12;2,55954E+12;2,57208E+12;2,79933E+12;2,97063E+12;2,99214E+12;3,12054E+12;3,16681E+12;2,98912E+12;2,90789E+12;2,98029E+12;3,18719E+12;3,33378E+12;3,35978E+12;3,78777E+12;4,18023E+12;4,47104E+12;4,73465E+12
Indonesia;IDN;5,58567E+11;6,1737E+11;6,72467E+11;7,33128E+11;8,0524E+11;8,89702E+11;9,76822E+11;1,04037E+12;9,13959E+11;9,34226E+11;1,00239E+12;1,06231E+12;1,12736E+12;1,20457E+12;1,29919E+12;1,41621E+12;1,54019E+12;1,68229E+12;1,81782E+12;1,91369E+12;2,0575E+12;2,22951E+12;2,40829E+12;2,52424E+12;2,60552E+12;2,6252E+12;2,71576E+12;2,85731E+12;3,06992E+12;3,26619E+12;3,2234E+12;3,53062E+12;3,98307E+12;4,33474E+12;4,66289E+12
France;FRA;1,01792E+12;1,0644E+12;1,10574E+12;1,12715E+12;1,17899E+12;1,23177E+12;1,27041E+12;1,33039E+12;1,40011E+12;1,46438E+12;1,584E+12;1,6783E+12;1,75238E+12;1,74472E+12;1,81382E+12;1,92267E+12;2,0633E+12;2,18089E+12;2,25656E+12;2,24318E+12;2,33519E+12;2,45096E+12;2,47339E+12;2,61242E+12;2,66695E+12;2,7229E+12;2,86115E+12;2,97579E+12;3,11488E+12;3,44528E+12;3,34502E+12;3,56292E+12;3,82396E+12;3,98238E+12;4,20156E+12
United Kingdom;GBR;9,76326E+11;9,98208E+11;1,02505E+12;1,07548E+12;1,14069E+12;1,19409E+12;1,27609E+12;1,34509E+12;1,38543E+12;1,43734E+12;1,56241E+12;1,65036E+12;1,72703E+12;1,80837E+12;1,92294E+12;1,9767E+12;2,1135E+12;2,17838E+12;2,27109E+12;2,18112E+12;2,2902E+12;2,35477E+12;2,44246E+12;2,5622E+12;2,66666E+12;2,76798E+12;2,8923E+12;3,04189E+12;3,12965E+12;3,33588E+12;3,21907E+12;3,41648E+12;3,95784E+12;3,96675E+12;4,19651E+12
Turkiye;TUR;4,59623E+11;4,79623E+11;5,20003E+11;5,75128E+11;5,5543E+11;6,07832E+11;6,6137E+11;7,22169E+11;5,5826E+11;5,46531E+11;6,09012E+11;5,95895E+11;6,12447E+11;6,41097E+11;7,35786E+11;8,15103E+11;9,45292E+11;1,043E+12;1,13955E+12;1,11244E+12;1,26855E+12;1,45411E+12;1,55069E+12;1,70367E+12;1,86047E+12;2,02294E+12;2,1164E+12;2,26427E+12;2,30377E+12;2,35031E+12;2,39149E+12;2,63703E+12;3,32281E+12;3,61152E+12;3,75701E+12
Italy;ITA;1,05883E+12;1,11148E+12;1,14629E+12;1,16345E+12;1,21386E+12;1,27509E+12;1,31303E+12;1,36145E+12;1,42686E+12;1,46017E+12;1,54577E+12;1,60316E+12;1,64607E+12;1,67909E+12;1,71084E+12;1,75302E+12;1,89569E+12;2,0041E+12;2,0974E+12;2,05369E+12;2,09236E+12;2,18451E+12;2,1838E+12;2,19892E+12;2,2117E+12;2,25225E+12;2,43362E+12;2,52864E+12;2,60965E+12;2,78707E+12;2,6412E+12;2,94633E+12;3,31937E+12;3,41533E+12;3,58912E+12
Mexico;MEX;7,10445E+11;7,66539E+11;8,14845E+11;7,92463E+11;8,44951E+11;8,11682E+11;8,77941E+11;9,57372E+11;1,02803E+12;1,07124E+12;1,15435E+12;1,17504E+12;1,1944E+12;1,24256E+12;1,3214E+12;1,40309E+12;1,55965E+12;1,63508E+12;1,73073E+12;1,70157E+12;1,80763E+12;1,98989E+12;2,10329E+12;2,15033E+12;2,25444E+12;2,3095E+12;2,45781E+12;2,52831E+12;2,60627E+12;2,63653E+12;2,45408E+12;2,65286E+12;3,00694E+12;3,22463E+12;3,36157E+12
Spain;ESP;5,31182E+11;5,63126E+11;5,81311E+11;5,88952E+11;6,15864E+11;6,46116E+11;6,76729E+11;7,16995E+11;7,67528E+11;8,05241E+11;8,75357E+11;9,37714E+11;1,01001E+12;1,05724E+12;1,12298E+12;1,20612E+12;1,36545E+12;1,47156E+12;1,53257E+12;1,49296E+12;1,48153E+12;1,49649E+12;1,49065E+12;1,51993E+12;1,56856E+12;1,63583E+12;1,74742E+12;1,85471E+12;1,91877E+12;2,07523E+12;1,86254E+12;2,09947E+12;2,41167E+12;2,57356E+12;2,77841E+12
Canada;CAN;5,60185E+11;5,67048E+11;5,85191E+11;6,15003E+11;6,56367E+11;6,88184E+11;7,12131E+11;7,5539E+11;7,93674E+11;8,46413E+11;9,00997E+11;9,37787E+11;9,71004E+11;1,02368E+12;1,08361E+12;1,17133E+12;1,24159E+12;1,30159E+12;1,3424E+12;1,307E+12;1,36358E+12;1,43081E+12;1,4681E+12;1,55413E+12;1,6214E+12;1,5949E+12;1,67809E+12;1,76576E+12;1,85299E+12;1,8997E+12;1,84784E+12;2,17949E+12;2,47548E+12;2,5839E+12;2,70288E+12
Saudi Arabia;SAU;4,91751E+11;5,50174E+11;5,88487E+11;6,04724E+11;6,23522E+11;6,3858E+11;6,7176E+11;7,01435E+11;7,29206E+11;7,34841E+11;7,86943E+11;8,07435E+11;8,14338E+11;9,03232E+11;1,00758E+12;1,10094E+12;1,1725E+12;1,23092E+12;1,33291E+12;1,32682E+12;1,41062E+12;1,60902E+12;1,70186E+12;1,71829E+12;1,77154E+12;1,60802E+12;1,54576E+12;1,64553E+12;1,79299E+12;1,79061E+12;1,49933E+12;1,92989E+12;2,31559E+12;2,41193E+12;2,51491E+12
Egypt, Arab Rep.;EGY;2,08244E+11;2,1771E+11;2,32631E+11;2,45053E+11;2,60229E+11;2,7802E+11;2,97234E+11;3,18966E+11;3,40534E+11;3,66259E+11;3,98415E+11;4,21788E+11;4,38581E+11;4,61522E+11;4,93326E+11;5,31546E+11;5,85438E+11;6,43919E+11;7,03294E+11;7,40703E+11;7,88294E+11;8,18754E+11;9,63511E+11;1,00209E+12;1,0003E+12;1,08594E+12;1,08411E+12;1,15359E+12;1,30298E+12;1,43731E+12;1,66507E+12;1,7286E+12;1,97384E+12;2,12176E+12;2,2252E+12
Australia;AUS;2,96613E+11;3,08275E+11;3,19054E+11;3,38876E+11;3,5915E+11;3,78799E+11;4,03354E+11;4,26032E+11;4,5362E+11;4,79438E+11;5,05056E+11;5,32865E+11;5,65995E+11;5,94024E+11;6,33139E+11;6,66574E+11;7,12649E+11;7,63412E+11;7,97546E+11;8,74442E+11;8,67453E+11;9,38789E+11;9,74432E+11;1,06229E+12;1,1011E+12;1,10182E+12;1,14327E+12;1,18957E+12;1,25275E+12;1,33446E+12;1,38465E+12;1,49444E+12;1,71361E+12;1,87938E+12;1,9368E+12
Poland;POL;2,35562E+11;2,26443E+11;2,37429E+11;2,52143E+11;2,71157E+11;2,97548E+11;3,20861E+11;3,46495E+11;3,6808E+11;3,89722E+11;4,10091E+11;4,27479E+11;4,52696E+11;4,7108E+11;5,12209E+11;5,31857E+11;5,80057E+11;6,41716E+11;7,00461E+11;7,35949E+11;7,98642E+11;8,68166E+11;9,03168E+11;9,2947E+11;9,67769E+11;1,02546E+12;1,07682E+12;1,14571E+12;1,2283E+12;1,36229E+12;1,39143E+12;1,51845E+12;1,69665E+12;1,71541E+12;1,84156E+12
Thailand;THA;2,43614E+11;2,73407E+11;3,02242E+11;3,34938E+11;3,69446E+11;4,07821E+11;4,3876E+11;4,34036E+11;4,05407E+11;4,29943E+11;4,59271E+11;4,85787E+11;5,23671E+11;5,72401E+11;6,24762E+11;6,71334E+11;7,26416E+11;7,86648E+11;8,15641E+11;8,15004E+11;8,86887E+11;9,1279E+11;1,01492E+12;1,06276E+12;1,0789E+12;1,11392E+12;1,18132E+12;1,25052E+12;1,34731E+12;1,42783E+12;1,37292E+12;1,45196E+12;1,59561E+12;1,68638E+12;1,77079E+12
Iran, Islamic Rep.;IRN;4,2363E+11;4,93648E+11;5,21549E+11;5,26057E+11;5,28165E+11;5,52186E+11;5,98004E+11;6,16531E+11;6,36428E+11;6,5836E+11;7,1263E+11;7,46107E+11;8,18915E+11;9,07228E+11;9,72026E+11;1,03448E+12;1,1197E+12;1,24383E+12;1,27097E+12;1,2917E+12;1,3832E+12;1,44908E+12;1,29574E+12;1,25061E+12;1,25579E+12;1,13104E+12;1,22142E+12;1,28138E+12;1,27795E+12;1,162E+12;1,23781E+12;1,32258E+12;1,47038E+12;1,60014E+12;1,68865E+12
Bangladesh;BGD;1,05009E+11;1,12344E+11;1,21158E+11;1,29873E+11;1,37806E+11;1,47901E+11;1,57421E+11;1,67325E+11;1,77965E+11;1,88913E+11;2,03418E+11;2,18559E+11;2,30463E+11;2,46152E+11;2,66015E+11;2,92288E+11;3,21404E+11;3,53413E+11;3,81886E+11;4,03626E+11;4,31294E+11;4,68648E+11;5,32554E+11;5,77776E+11;6,27517E+11;6,7136E+11;7,36379E+11;7,91891E+11;8,97768E+11;9,9725E+11;1,10432E+12;1,24756E+12;1,4314E+12;1,56854E+12;1,67432E+12
Viet Nam;VNM;79239968620;86802821208;96456972514;1,06715E+11;1,18627E+11;1,32669E+11;1,47716E+11;1,62513E+11;1,73813E+11;1,84687E+11;2,0169E+11;2,19003E+11;2,36464E+11;2,57768E+11;2,84649E+11;3,15731E+11;3,48178E+11;3,83107E+11;4,12597E+11;4,37551E+11;4,71315E+11;5,11889E+11;5,70789E+11;6,1213E+11;6,68975E+11;7,12101E+11;7,87205E+11;8,72747E+11;9,63333E+11;1,07176E+12;1,13863E+12;1,19206E+12;1,38607E+12;1,50868E+12;1,65473E+12
Pakistan;PAK;2,20145E+11;2,3911E+11;2,63404E+11;2,74388E+11;2,9072E+11;3,11546E+11;3,32625E+11;3,41793E+11;3,54449E+11;3,72622E+11;3,97296E+11;4,21075E+11;4,38714E+11;4,7154E+11;5,22141E+11;5,77698E+11;6,31551E+11;6,77493E+11;7,05189E+11;7,34178E+11;7,54259E+11;7,90453E+11;8,40345E+11;8,8101E+11;9,24121E+11;9,7352E+11;1,0194E+12;1,06938E+12;1,12996E+12;1,16267E+12;1,18629E+12;1,28534E+12;1,44277E+12;1,4941E+12;1,57972E+12
Netherlands;NLD;2,86923E+11;3,03861E+11;3,16088E+11;3,27649E+11;3,44555E+11;3,62742E+11;3,81351E+11;4,06744E+11;4,35828E+11;4,63551E+11;5,0783E+11;5,33744E+11;5,58244E+11;5,56378E+11;5,85583E+11;6,1654E+11;6,73735E+11;7,24154E+11;7,68245E+11;7,42805E+11;7,52782E+11;7,84644E+11;7,9843E+11;8,3387E+11;8,39056E+11;8,63434E+11;9,0537E+11;9,59996E+11;1,01355E+12;1,08137E+12;1,09178E+12;1,2023E+12;1,36567E+12;1,39987E+12;1,51545E+12
Nigeria;NGA;1,95857E+11;2,03207E+11;2,17463E+11;2,18087E+11;2,18701E+11;2,23124E+11;2,36742E+11;2,47898E+11;2,57155E+11;2,62317E+11;2,81715E+11;3,05105E+11;3,57343E+11;3,91171E+11;4,38848E+11;4,81749E+11;5,26697E+11;5,76623E+11;6,27489E+11;6,82102E+11;7,45661E+11;8,01441E+11;8,34681E+11;9,00501E+11;9,76359E+11;9,89483E+11;9,81583E+11;1,00065E+12;1,04174E+12;1,12335E+12;1,14567E+12;1,2001E+12;1,32746E+12;1,41457E+12;1,49841E+12
Low income;LIC;2,08658E+11;2,20848E+11;2,26121E+11;2,32173E+11;2,38817E+11;2,55635E+11;2,73018E+11;2,99018E+11;3,16187E+11;3,31797E+11;3,50921E+11;3,74997E+11;4,02119E+11;4,34431E+11;4,71224E+11;5,16776E+11;5,63151E+11;6,12175E+11;6,56009E+11;6,79875E+11;7,3298E+11;7,50556E+11;7,22624E+11;7,69812E+11;8,38416E+11;8,85542E+11;9,41553E+11;9,8135E+11;1,04346E+12;1,11128E+12;1,11743E+12;1,20475E+12;1,33445E+12;1,37684E+12;1,45372E+12
Argentina;ARG;2,34477E+11;2,64546E+11;2,92051E+11;3,2351E+11;3,49701E+11;3,46875E+11;3,72747E+11;4,0993E+11;4,30497E+11;4,21809E+11;4,2796E+11;4,18304E+11;3,78524E+11;4,20108E+11;4,70359E+11;5,28047E+11;5,88134E+11;6,5848E+11;6,98398E+11;6,61116E+11;7,36905E+11;7,97264E+11;8,1922E+11;8,48625E+11;8,38428E+11;8,65156E+11;8,82649E+11;1,0357E+12;1,09004E+12;1,05763E+12;1,012E+12;1,19173E+12;1,34397E+12;1,3699E+12;1,37891E+12
Malaysia;MYS;1,22811E+11;1,39083E+11;1,54892E+11;1,74253E+11;1,94369E+11;2,17949E+11;2,44139E+11;2,66535E+11;2,49695E+11;2,6877E+11;2,99208E+11;3,07529E+11;3,29145E+11;3,55072E+11;3,89354E+11;4,22973E+11;4,60368E+11;5,02624E+11;5,37061E+11;5,32195E+11;5,78658E+11;6,21862E+11;6,71523E+11;6,98863E+11;7,46116E+11;7,66028E+11;8,03828E+11;8,54694E+11;9,14713E+11;9,67568E+11;9,31107E+11;1,0224E+12;1,19235E+12;1,27918E+12;1,37711E+12
Philippines;PHL;1,63923E+11;1,68727E+11;1,73293E+11;1,81271E+11;1,93239E+11;2,06416E+11;2,22513E+11;2,38089E+11;2,39527E+11;2,51046E+11;2,67984E+11;2,82374E+11;2,97418E+11;3,18718E+11;3,48789E+11;3,77505E+11;4,09835E+11;4,48381E+11;4,76875E+11;4,86766E+11;5,28817E+11;5,60551E+11;6,10496E+11;6,50516E+11;6,94071E+11;7,26056E+11;7,87994E+11;8,40501E+11;9,14883E+11;9,88832E+11;9,23367E+11;1,00182E+12;1,15461E+12;1,26218E+12;1,36628E+12
Colombia;COL;1,6575E+11;1,74785E+11;1,85999E+11;2,00662E+11;2,16864E+11;2,3293E+11;2,4207E+11;2,54692E+11;2,59022E+11;2,51644E+11;2,64871E+11;2,75379E+11;2,86661E+11;3,03775E+11;3,28579E+11;3,55246E+11;3,90798E+11;4,28432E+11;4,51025E+11;4,58979E+11;4,85437E+11;5,29875E+11;5,52845E+11;5,89812E+11;6,21898E+11;6,26206E+11;6,65398E+11;6,93117E+11;7,47104E+11;8,07591E+11;7,85738E+11;8,89809E+11;1,07076E+12;1,09584E+12;1,13677E+12
South Africa;ZAF;2,60029E+11;2,66086E+11;2,66334E+11;2,7601E+11;2,90924E+11;3,06232E+11;3,25247E+11;3,39458E+11;3,44989E+11;3,58268E+11;3,81772E+11;4,00908E+11;4,22204E+11;4,43236E+11;4,75886E+11;5,16707E+11;5,6249E+11;6,08698E+11;6,40224E+11;6,34265E+11;6,61487E+11;6,96526E+11;6,98463E+11;7,31025E+11;7,42688E+11;7,59955E+11;7,7411E+11;7,91817E+11;7,82329E+11;7,96183E+11;7,67391E+11;8,4328E+11;9,2067E+11;9,60462E+11;9,8939E+11
Romania;ROU;1,2243E+11;1,1022E+11;1,02848E+11;1,06896E+11;1,13471E+11;1,23072E+11;1,29913E+11;1,25469E+11;1,24787E+11;1,25764E+11;1,31265E+11;1,44314E+11;1,55641E+11;1,6311E+11;1,92863E+11;2,04715E+11;2,44927E+11;2,86163E+11;3,44669E+11;3,38755E+11;3,51418E+11;3,78852E+11;3,97299E+11;3,93242E+11;4,10782E+11;4,28618E+11;4,70976E+11;5,27779E+11;5,76157E+11;6,51627E+11;6,62457E+11;7,21524E+11;8,04188E+11;8,72483E+11;9,28913E+11
Singapore;SGP;72567935288;80039818619;87299407293;99610026324;1,13025E+11;1,23675E+11;1,35349E+11;1,49133E+11;1,47505E+11;1,58146E+11;1,76346E+11;1,78386E+11;1,88265E+11;2,00714E+11;2,26599E+11;2,50919E+11;2,81954E+11;3,15718E+11;3,27798E+11;3,30242E+11;3,82788E+11;4,14967E+11;4,36192E+11;4,48607E+11;4,62494E+11;4,8241E+11;5,04105E+11;5,37341E+11;5,86216E+11;6,00787E+11;5,77214E+11;7,23237E+11;8,06629E+11;8,50876E+11;9,0969E+11
Belgium;BEL;1,86144E+11;1,95966E+11;2,035E+11;2,0632E+11;2,17526E+11;2,27383E+11;2,30929E+11;2,4158E+11;2,48635E+11;2,60169E+11;2,84863E+11;2,96218E+11;3,129E+11;3,20981E+11;3,34143E+11;3,47658E+11;3,7191E+11;3,91021E+11;4,05729E+11;4,09035E+11;4,34128E+11;4,55272E+11;4,71862E+11;4,89498E+11;5,06063E+11;5,19563E+11;5,48606E+11;5,71671E+11;5,9954E+11;6,51568E+11;6,47548E+11;7,02925E+11;7,96098E+11;8,1403E+11;8,56629E+11
United Arab Emirates;ARE;1,65048E+11;1,72098E+11;1,81907E+11;1,88567E+11;2,05875E+11;2,24249E+11;2,41596E+11;2,65891E+11;2,69664E+11;2,81417E+11;3,19025E+11;3,30772E+11;3,44087E+11;3,8176E+11;4,29528E+11;4,64504E+11;5,25932E+11;5,57383E+11;5,86255E+11;5,58945E+11;5,74806E+11;6,23132E+11;6,45567E+11;6,57868E+11;6,87052E+11;6,09998E+11;6,04925E+11;6,27578E+11;7,01668E+11;7,26239E+11;6,14384E+11;6,45376E+11;7,43309E+11;7,97922E+11;8,47957E+11
Switzerland;CHE;1,91005E+11;1,95656E+11;2,00027E+11;2,04511E+11;2,1153E+11;2,17004E+11;2,22747E+11;2,32006E+11;2,40728E+11;2,48201E+11;2,63628E+11;2,73454E+11;2,81956E+11;2,84293E+11;2,9689E+11;3,08825E+11;3,46323E+11;3,84575E+11;4,11512E+11;4,10201E+11;4,25928E+11;4,54912E+11;4,75341E+11;4,9876E+11;5,193E+11;5,40696E+11;5,63951E+11;5,76361E+11;6,01868E+11;6,32275E+11;6,30567E+11;7,05081E+11;8,01577E+11;8,04426E+11;8,47568E+11
Kazakhstan;KAZ;1,35074E+11;1,24282E+11;1,20377E+11;1,11893E+11;99882474776;93614609797;95805115257;99113997428;98323575365;1,02407E+11;1,1499E+11;1,33453E+11;1,48808E+11;1,65858E+11;1,86669E+11;2,11197E+11;2,41005E+11;2,69565E+11;2,83825E+11;2,89003E+11;3,13869E+11;3,44049E+11;3,69783E+11;4,1704E+11;4,26845E+11;4,06611E+11;4,22787E+11;4,47144E+11;4,75138E+11;5,51108E+11;5,65757E+11;6,5047E+11;7,19144E+11;7,83018E+11;8,40446E+11
Algeria;DZA;1,92912E+11;1,97042E+11;2,0516E+11;2,05613E+11;2,08113E+11;2,20551E+11;2,33796E+11;2,40444E+11;2,55547E+11;2,67456E+11;2,83908E+11;2,9901E+11;3,20054E+11;3,47587E+11;3,72996E+11;4,05465E+11;4,3009E+11;4,55436E+11;4,75816E+11;4,84496E+11;5,13922E+11;5,40261E+11;5,43661E+11;5,52043E+11;5,76084E+11;5,52564E+11;5,48946E+11;5,62537E+11;5,83472E+11;6,01471E+11;5,583E+11;6,48896E+11;7,20184E+11;7,76689E+11;8,21721E+11
Sweden;SWE;1,74445E+11;1,78277E+11;1,80227E+11;1,80688E+11;1,91797E+11;2,03627E+11;2,11679E+11;2,1948E+11;2,29199E+11;2,4356E+11;2,6288E+11;2,66427E+11;2,7656E+11;2,84796E+11;3,04066E+11;3,08797E+11;3,42151E+11;3,73373E+11;3,86365E+11;3,72621E+11;3,9347E+11;4,18907E+11;4,30342E+11;4,4256E+11;4,54179E+11;4,78055E+11;4,9903E+11;5,17711E+11;5,40532E+11;5,86374E+11;5,95212E+11;6,53402E+11;6,96077E+11;7,08682E+11;7,50771E+11
Ireland;IRL;48260029860;50854815801;53752727437;56508512548;61037178152;68320921081;74474161435;83154181090;93160227483;1,01534E+11;1,14952E+11;1,2595E+11;1,38491E+11;1,45014E+11;1,57659E+11;1,68336E+11;1,8903E+11;2,058E+11;1,98299E+11;1,88081E+11;1,97076E+11;2,08512E+11;2,14919E+11;2,25821E+11;2,45187E+11;3,36695E+11;3,4774E+11;3,8837E+11;4,22696E+11;4,57946E+11;4,92887E+11;5,97446E+11;7,0949E+11;6,62924E+11;7,05756E+11
Chile;CHL;59722497451;66749857312;77244255172;85473205029;92707948169;1,05059E+11;1,16332E+11;1,27085E+11;1,33888E+11;1,35404E+11;1,45356E+11;1,53318E+11;1,60695E+11;1,71606E+11;1,87974E+11;2,05184E+11;2,5607E+11;2,78374E+11;2,75755E+11;2,71328E+11;3,07856E+11;3,49148E+11;3,74317E+11;3,9267E+11;4,02902E+11;4,05311E+11;4,24832E+11;4,50892E+11;4,78094E+11;4,91688E+11;4,91062E+11;5,65982E+11;6,02631E+11;6,44837E+11;6,84595E+11
Iraq;IRQ;;47865679775;64912464641;86579026070;91836132919;95749417694;1,08248E+11;1,33501E+11;1,82253E+11;2,17325E+11;2,59577E+11;2,70111E+11;2,51805E+11;1,62651E+11;2,56191E+11;2,68651E+11;2,9255E+11;3,0615E+11;3,37725E+11;3,51291E+11;3,78325E+11;4,15269E+11;4,84698E+11;5,17535E+11;4,813E+11;3,50608E+11;3,49271E+11;4,00913E+11;4,84573E+11;5,04546E+11;4,45338E+11;5,48372E+11;6,34225E+11;6,60448E+11;6,65966E+11
Austria;AUT;1,4882E+11;1,59147E+11;1,66182E+11;1,71017E+11;1,78865E+11;1,87488E+11;1,94341E+11;2,01549E+11;2,11618E+11;2,1979E+11;2,34056E+11;2,37701E+11;2,50154E+11;2,59584E+11;2,73949E+11;2,86136E+11;3,09214E+11;3,25132E+11;3,41571E+11;3,39285E+11;3,49089E+11;3,70672E+11;3,89099E+11;4,0296E+11;4,13263E+11;4,28355E+11;4,57783E+11;4,73923E+11;5,00696E+11;5,35947E+11;5,21842E+11;5,63937E+11;6,39575E+11;6,43595E+11;6,57344E+11
Ukraine;UKR;3,95119E+11;3,72943E+11;3,43679E+11;3,01866E+11;2,37708E+11;2,13084E+11;1,95287E+11;1,92695E+11;1,91158E+11;1,93475E+11;2,09531E+11;2,33103E+11;2,49366E+11;2,78489E+11;3,1971E+11;3,39861E+11;3,76868E+11;4,1888E+11;4,36529E+11;3,72739E+11;3,92707E+11;4,22634E+11;4,41413E+11;5,02958E+11;4,58592E+11;4,31227E+11;4,69909E+11;4,96522E+11;5,37198E+11;6,04396E+11;6,56106E+11;7,46471E+11;5,69711E+11;6,22878E+11;6,56528E+11
Czechia;CZE;1,32329E+11;1,20915E+11;1,23044E+11;1,26038E+11;1,32475E+11;1,44045E+11;1,52411E+11;1,5361E+11;1,55062E+11;1,59338E+11;1,67453E+11;1,8095E+11;1,87053E+11;1,9987E+11;2,14047E+11;2,25819E+11;2,44907E+11;2,70535E+11;2,90123E+11;2,89285E+11;2,94928E+11;3,06876E+11;3,09707E+11;3,26079E+11;3,44637E+11;3,59644E+11;3,8509E+11;4,16849E+11;4,42611E+11;4,86787E+11;4,79686E+11;5,02134E+11;5,51853E+11;5,78154E+11;6,18168E+11
Peru;PER;74116182041;78323106649;79674985254;85840388308;98464395693;1,07979E+11;1,13034E+11;1,2243E+11;1,23322E+11;1,26936E+11;1,33309E+11;1,37153E+11;1,46881E+11;1,56019E+11;1,68158E+11;1,84331E+11;2,04321E+11;2,27733E+11;2,53306E+11;2,57661E+11;2,82523E+11;3,06596E+11;3,17878E+11;3,36661E+11;3,46866E+11;3,5332E+11;3,72452E+11;3,94435E+11;4,17164E+11;4,40127E+11;4,12561E+11;5,0664E+11;5,58007E+11;5,75756E+11;6,0916E+11
Small states;SST;94633486606;98269514014;1,00357E+11;1,03429E+11;1,08866E+11;1,15384E+11;1,21438E+11;1,30352E+11;1,3551E+11;1,41962E+11;1,52543E+11;1,61129E+11;1,706E+11;1,82951E+11;1,96077E+11;2,098E+11;2,32355E+11;2,50816E+11;2,62109E+11;2,56329E+11;2,66228E+11;2,80358E+11;2,89922E+11;2,97566E+11;3,08391E+11;3,09379E+11;3,21697E+11;3,4377E+11;3,62744E+11;3,91517E+11;3,70602E+11;4,16574E+11;4,80611E+11;5,17648E+11;5,71199E+11
Hong Kong SAR, China;HKG;1,04117E+11;1,13776E+11;1,23624E+11;1,34402E+11;1,45558E+11;1,52137E+11;1,6152E+11;1,72684E+11;1,64352E+11;1,70856E+11;1,88117E+11;1,93431E+11;1,99691E+11;2,09858E+11;2,3425E+11;2,59444E+11;2,86253E+11;3,13016E+11;3,25836E+11;3,19783E+11;3,45574E+11;3,69685E+11;3,72875E+11;3,84196E+11;3,94116E+11;4,08627E+11;4,16436E+11;4,38128E+11;4,53865E+11;4,59644E+11;4,35301E+11;4,88412E+11;5,03958E+11;5,38875E+11;5,65931E+11
Norway;NOR;78249037932;83390389651;88339469852;93006413021;99794625334;1,06121E+11;1,17491E+11;1,26002E+11;1,2496E+11;1,36417E+11;1,66105E+11;1,70771E+11;1,72705E+11;1,7659E+11;1,9595E+11;2,21765E+11;2,53397E+11;2,64566E+11;2,95976E+11;2,68567E+11;2,8465E+11;3,0937E+11;3,30093E+11;3,42254E+11;3,40765E+11;3,1523E+11;3,10303E+11;3,40837E+11;3,73183E+11;3,79378E+11;3,6102E+11;4,81255E+11;6,72046E+11;5,54373E+11;5,62975E+11
Israel;ISR;73147636004;81463925986;89785439291;95697517240;1,05001E+11;1,14281E+11;1,2325E+11;1,30032E+11;1,36811E+11;1,43419E+11;1,6215E+11;1,66211E+11;1,71486E+11;1,65091E+11;1,77518E+11;1,7811E+11;1,85975E+11;2,02952E+11;2,05259E+11;2,10324E+11;2,24559E+11;2,43178E+11;2,56963E+11;2,80691E+11;2,8604E+11;3,00586E+11;3,26365E+11;3,43922E+11;3,57E+11;3,74158E+11;3,77407E+11;4,32603E+11;5,1194E+11;5,25948E+11;5,55482E+11
Portugal;PRT;1,17522E+11;1,26803E+11;1,31106E+11;1,31471E+11;1,35574E+11;1,44345E+11;1,50118E+11;1,59578E+11;1,69543E+11;1,81041E+11;1,94264E+11;2,02391E+11;2,12109E+11;2,1809E+11;2,25177E+11;2,38691E+11;2,59717E+11;2,71365E+11;2,81543E+11;2,79616E+11;2,88594E+11;2,82977E+11;2,78393E+11;2,9245E+11;2,99182E+11;3,06764E+11;3,26173E+11;3,3961E+11;3,58872E+11;3,89495E+11;3,70352E+11;4,00564E+11;4,64925E+11;5,01686E+11;5,4168E+11
Denmark;DNK;93706039467;98214850335;1,02486E+11;1,04829E+11;1,12739E+11;1,18596E+11;1,24808E+11;1,31497E+11;1,36834E+11;1,41785E+11;1,52936E+11;1,57881E+11;1,64862E+11;1,66396E+11;1,78457E+11;1,85552E+11;2,03356E+11;2,13605E+11;2,27806E+11;2,23703E+11;2,38786E+11;2,47577E+11;2,50252E+11;2,63167E+11;2,70207E+11;2,77981E+11;2,96831E+11;3,1864E+11;3,31591E+11;3,52325E+11;3,65526E+11;4,08303E+11;4,56897E+11;4,38513E+11;4,75256E+11
Greece;GRC;1,33757E+11;1,42567E+11;1,46837E+11;1,47912E+11;1,54092E+11;1,60627E+11;1,67328E+11;1,7726E+11;1,86884E+11;1,91106E+11;2,0332E+11;2,20567E+11;2,39684E+11;2,54138E+11;2,72004E+11;2,74725E+11;3,09475E+11;3,19267E+11;3,3722E+11;3,32631E+11;3,09639E+11;2,85313E+11;2,71519E+11;2,82145E+11;2,88106E+11;2,87996E+11;2,96388E+11;3,08462E+11;3,19755E+11;3,42312E+11;3,15963E+11;3,54398E+11;4,06715E+11;4,28523E+11;4,57879E+11
Hungary;HUN;95057176828;86585304881;85844920356;87373450730;91869265059;95192780701;96761491671;1,01301E+11;1,06922E+11;1,11512E+11;1,21195E+11;1,34722E+11;1,47628E+11;1,56622E+11;1,6427E+11;1,72401E+11;1,8497E+11;1,91965E+11;2,07878E+11;2,07275E+11;2,16935E+11;2,29272E+11;2,30205E+11;2,42787E+11;2,53655E+11;2,64E+11;2,7502E+11;2,89157E+11;3,1313E+11;3,454E+11;3,44108E+11;3,7452E+11;4,22741E+11;4,35174E+11;4,55509E+11
Ethiopia;ETH;19854533229;19060938707;17804582871;20622102323;21734309028;23549705165;26960746271;28285165270;27613919166;29450325801;31946530375;35377560876;36471526728;36387745410;42437815732;48941322953;55916777552;64011179925;72283405439;79131265192;90145031681;1,02289E+11;1,12944E+11;1,23331E+11;1,50119E+11;1,69575E+11;1,98234E+11;2,19854E+11;2,36067E+11;2,59535E+11;2,8621E+11;3,16145E+11;3,56709E+11;3,93913E+11;4,32957E+11
Uzbekistan;UZB;54532249435;56099055199;50951194215;50959248252;49340868195;49922013963;51700179965;55326492239;58354064035;61724564045;65543503197;69809916551;73711753798;78348597178;86448587263;95355710318;1,05621E+11;1,18759E+11;1,31977E+11;1,43481E+11;1,56258E+11;1,71483E+11;1,80491E+11;1,90612E+11;1,99767E+11;2,09082E+11;2,16467E+11;2,48763E+11;2,63156E+11;2,81653E+11;2,83863E+11;3,16674E+11;3,5961E+11;3,95989E+11;4,31926E+11
Morocco;MAR;68185140643;75577728568;75678482136;76898554507;86856358767;83884051841;95988653946;96119997248;1,04236E+11;1,07505E+11;1,12779E+11;1,24223E+11;1,3086E+11;1,41678E+11;1,52139E+11;1,61918E+11;1,79915E+11;1,91148E+11;2,05906E+11;2,14936E+11;2,25162E+11;2,42503E+11;2,4697E+11;2,58279E+11;2,5097E+11;2,737E+11;2,78969E+11;2,91814E+11;2,83691E+11;2,95694E+11;2,86109E+11;3,23485E+11;3,5184E+11;3,76906E+11;3,98514E+11
Kenya;KEN;39587653484;41515097273;42121691419;43272411384;45359958237;48351578867;51278552662;52410546873;54743370148;56797949171;58432863846;62007031616;63314978397;66458368611;71728946875;78347607391;85991146841;94371493369;96413190296;1,00216E+11;1,09608E+11;1,17598E+11;1,24962E+11;1,39747E+11;1,54709E+11;1,73207E+11;1,88546E+11;2,05511E+11;2,21492E+11;2,40007E+11;2,50255E+11;2,84129E+11;3,19179E+11;3,49036E+11;3,7355E+11
Qatar;QAT;24499628595;24907146901;28361167488;28648686961;29675512936;31024629775;32974450545;43610039647;49047601330;51872638319;57306387097;60880959903;66267559044;70089684361;85807167401;95128524485;1,23725E+11;1,49933E+11;1,79815E+11;2,02557E+11;2,45186E+11;2,83716E+11;3,11657E+11;3,24266E+11;3,19296E+11;2,40425E+11;2,22778E+11;2,52948E+11;2,83965E+11;2,83662E+11;2,29537E+11;2,92655E+11;3,26641E+11;3,42412E+11;3,604E+11
Sri Lanka;LKA;41329904729;44693068469;47722862976;52225010188;56327121024;60671121194;64129557244;69414028637;73492167117;77737438833;84268270520;84834118463;89568100817;96762088316;1,04775E+11;1,14805E+11;1,2742E+11;1,39767E+11;1,50937E+11;1,57242E+11;1,71911E+11;1,90669E+11;2,16969E+11;2,31635E+11;2,43531E+11;2,56404E+11;2,77383E+11;2,91985E+11;3,07238E+11;3,07705E+11;2,83652E+11;3,17188E+11;3,14829E+11;3,18559E+11;3,42604E+11
Myanmar;MMR;17563520317;18039349767;20232926691;21963426392;24109873843;26325672250;28534772833;30667316092;32831204101;36940066207;42969607733;48921379075;55656083940;64612058191;75349622677;88256902159;1,02875E+11;1,18333E+11;1,32982E+11;1,47918E+11;1,6414E+11;1,76894E+11;1,91633E+11;2,0827E+11;2,21803E+11;2,2779E+11;2,29647E+11;2,4424E+11;2,91746E+11;3,21181E+11;3,04367E+11;2,76462E+11;3,08131E+11;3,22278E+11;3,26862E+11
Angola;AGO;38839000565;40550517456;39053200833;30390584821;31455215609;36931943527;42701857933;46598046524;49332296061;51121804410;53876764896;57406983088;66266055980;69594829727;79291855043;94069250793;1,0817E+11;1,26666E+11;1,43528E+11;1,45655E+11;1,53909E+11;1,62539E+11;1,85178E+11;1,97839E+11;2,17022E+11;2,00476E+11;1,99721E+11;2,11424E+11;2,29965E+11;2,43736E+11;2,15785E+11;2,55821E+11;2,82404E+11;2,9572E+11;3,16269E+11
Dominican Republic;DOM;26036949701;27171608520;30913792198;33977854355;35603478551;38421916878;41457668325;45925755430;49556225955;53251088029;56990534571;59712780190;63361361444;63740463048;67146869674;75783953623;85285645906;94094500110;99041765880;1,00653E+11;1,10435E+11;1,16311E+11;1,18595E+11;1,26545E+11;1,38896E+11;1,54478E+11;1,718E+11;1,79696E+11;1,94021E+11;2,1534E+11;2,09139E+11;2,45311E+11;2,76566E+11;2,92799E+11;3,14728E+11
Belarus;BLR;53193233762;54332225387;50235620769;47517963140;42854253852;39202485381;41037957752;46504640736;50977578797;53456725836;57838349047;61935267888;66071097839;72120938870;82540052109;93130096681;1,05602E+11;1,17791E+11;1,32307E+11;1,33389E+11;1,45474E+11;1,56715E+11;1,71127E+11;1,79554E+11;1,7988E+11;1,71563E+11;1,68862E+11;1,74175E+11;1,89021E+11;2,10076E+11;2,33301E+11;2,56855E+11;2,62349E+11;2,83005E+11;3,01471E+11
New Zealand;NZL;49518971203;50890228985;52754607400;57027516156;61942364886;65700058302;68824180126;72326061050;73705737299;78923926226;82942977611;87392899361;92024844754;96601932012;1,02583E+11;1,06148E+11;1,16098E+11;1,23983E+11;1,27349E+11;1,32332E+11;1,36146E+11;1,43528E+11;1,45709E+11;1,61083E+11;1,68607E+11;1,73212E+11;1,88512E+11;2,03343E+11;2,08409E+11;2,25048E+11;2,30862E+11;2,45325E+11;2,74519E+11;2,82465E+11;2,94117E+11
Ecuador;ECU;48509374310;52301972486;54624884605;57023088915;60720677524;63390241508;65668623966;69692104104;72777447681;70309306294;72686975974;77449916534;82529602905;86586563567;94989974959;1,03257E+11;1,11062E+11;1,16241E+11;1,26259E+11;1,28424E+11;1,35222E+11;1,49717E+11;1,5953E+11;1,78551E+11;1,89785E+11;1,7694E+11;1,796E+11;1,97653E+11;2,07781E+11;2,17496E+11;2,0225E+11;2,38845E+11;2,70889E+11;2,86216E+11;2,87271E+11
Tanzania;TZA;23491355568;24788987575;25502040903;26421314766;27408503035;28982148612;30853910835;32492413241;34076111628;36239191743;38735486576;42012196527;45691379982;49702556051;54868980890;60820175035;66791196428;73244007996;78900413702;83570043783;89945449520;98844247429;95839768785;1,03153E+11;1,0856E+11;1,16993E+11;1,27161E+11;1,33501E+11;1,51987E+11;1,71137E+11;1,94562E+11;2,1279E+11;2,3837E+11;2,59466E+11;2,80426E+11
Ghana;GHA;24333557879;26485194122;28139639379;30203762450;31866678828;33872792081;36080446541;38242808822;40490370240;42870134748;45463352405;48346528033;51307232651;55040849302;59686118924;65189447865;71500511454;76629846716;85252849112;89934208912;98218051387;1,14326E+11;1,31898E+11;1,42807E+11;1,54709E+11;1,48972E+11;1,47109E+11;1,55172E+11;1,69625E+11;1,87633E+11;1,92835E+11;2,14867E+11;2,38944E+11;2,55316E+11;2,76355E+11
Bulgaria;BGR;65784592476;62265676043;59053227447;59558146751;61935724579;65044102236;57255610548;47789109582;51007415178;47685770372;52475293540;55751957574;61023440832;65448587463;71008537318;78821895816;86712835345;96748685896;1,07495E+11;1,05568E+11;1,10608E+11;1,15717E+11;1,19285E+11;1,2096E+11;1,27259E+11;1,3201E+11;1,43022E+11;1,51833E+11;1,61417E+11;1,77424E+11;1,79337E+11;2,01555E+11;2,31557E+11;2,41797E+11;2,64775E+11
Guatemala;GTM;30048855037;32201487447;34528834462;36735414324;39033239581;41823722606;43849117690;46551887135;49425774389;52053545117;55153756306;57711118585;60858073596;63648563722;67411075860;71802368043;77977560458;85166064066;89665975171;90649270399;94397176369;1,00356E+11;1,09525E+11;1,18482E+11;1,29165E+11;1,42692E+11;1,49696E+11;1,58387E+11;1,67561E+11;1,83966E+11;1,90017E+11;2,08107E+11;2,32273E+11;2,49132E+11;2,64475E+11
Kuwait;KWT;51830199715;31609795102;59102505231;81068824174;89784933083;96120914825;98472964934;1,02649E+11;1,07604E+11;1,07174E+11;1,14747E+11;1,17581E+11;1,23008E+11;1,47169E+11;1,66603E+11;1,90055E+11;2,10639E+11;2,29308E+11;2,39522E+11;2,23946E+11;2,21295E+11;2,47608E+11;2,73942E+11;2,69446E+11;2,50513E+11;1,73581E+11;1,6762E+11;1,93471E+11;2,22102E+11;2,25239E+11;1,82443E+11;2,20886E+11;2,52628E+11;2,57355E+11;2,5683E+11
Azerbaijan;AZE;38334014156;39352985333;31153331564;24524769015;20113882150;18112406088;18683773510;20108311485;22367731994;24362892688;27680297877;31105625930;34570665515;38851951591;43588677309;57525596306;79737913230;1,02752E+11;1,15824E+11;1,27458E+11;1,35185E+11;1,35804E+11;1,48678E+11;1,62605E+11;1,6747E+11;1,45466E+11;1,41838E+11;1,4107E+11;1,5191E+11;1,67158E+11;1,53048E+11;2,03884E+11;2,28718E+11;2,40157E+11;2,55979E+11
Slovak Republic;SVK;45746148514;40400779746;38544037813;40281536185;43694753751;47217920336;51025664137;54558166482;57493674688;57875786297;61256649593;66529367505;71468766179;75711230772;81486342990;89028795056;1,01603E+11;1,1412E+11;1,27564E+11;1,24239E+11;1,36859E+11;1,41447E+11;1,46128E+11;1,51983E+11;1,57726E+11;1,6356E+11;1,62207E+11;1,64514E+11;1,71627E+11;1,85363E+11;1,92849E+11;2,08881E+11;2,23223E+11;2,38504E+11;2,55818E+11
Cote d'Ivoire;CIV;32831478344;33955667729;34644533342;35397455090;36446538661;39862249179;43729524252;48775770205;51427070911;52763388084;53815165580;53841629590;53185319479;51672274067;54751824975;57031007285;60445022065;62766430566;67035504259;69879369470;75572133892;72988975599;77223654948;86638474452;99929867262;1,11176E+11;1,17749E+11;1,25384E+11;1,35828E+11;1,55524E+11;1,60303E+11;1,79178E+11;2,04238E+11;2,25235E+11;2,44407E+11
Oman;OMN;47457422316;52042427726;57706974728;62644685469;66462082243;71246206191;74760402834;80638069628;81488985694;82888074235;90014688075;96287569205;97017085209;96761269994;1,01343E+11;1,07426E+11;1,1591E+11;1,2498E+11;1,38789E+11;1,47998E+11;1,535E+11;1,61202E+11;1,77318E+11;1,80246E+11;1,77051E+11;1,509E+11;1,46365E+11;1,52545E+11;1,73709E+11;1,71027E+11;1,59026E+11;1,74254E+11;2,01585E+11;2,11318E+11;2,20051E+11
Serbia;SRB;;;;;;38302237723;41408010062;45884923686;48879627041;44452831323;48212406012;51049545263;56720688821;60023937398;65051058715;69925508616;77566242918;86259818629;96453310770;95399006506;97132913474;1,0347E+11;1,04466E+11;1,09268E+11;1,09089E+11;1,10337E+11;1,16145E+11;1,21357E+11;1,28959E+11;1,42982E+11;1,44972E+11;1,59967E+11;1,74891E+11;1,90406E+11;2,09917E+11
Croatia;HRV;45475799070;37099139426;33500016503;31541776585;34106444543;37174956924;40113146772;43234064053;44817858695;44867134958;47686862825;50108945961;54958851072;58927684076;63226407781;66595348751;76026709346;84354289622;90589128468;87608503059;86526005711;90731018430;92110062159;94976352915;95410818004;98640632988;1,05974E+11;1,12711E+11;1,1882E+11;1,30581E+11;1,23673E+11;1,43261E+11;1,61781E+11;1,76013E+11;1,87807E+11
Panama;PAN;12613166082;14267931500;15789954369;17046106513;17906287449;18601963644;17850482405;19558135656;21436812259;22873184550;24375848209;25161478641;26193558634;28072109077;31183787671;34823289277;39435653647;45831593911;51478329160;52630716056;56505646924;64539438914;73204937473;83865270123;94874168724;1,07892E+11;1,21987E+11;1,37443E+11;1,35303E+11;1,4076E+11;1,15991E+11;1,34415E+11;1,59507E+11;1,77473E+11;1,86966E+11
Congo, Dem. Rep.;COD;30523722826;28898632423;26453682667;23433204895;23000142619;23646760374;23833300215;22882479835;22763824627;22100152287;21038841506;21060769767;22018522584;23705639205;25983434025;28442238745;30879427625;33701289055;36489248034;37762523635;40938218024;44655249524;46311721586;53995321291;63082984657;69621148329;76732432237;87367059544;96286291906;1,08499E+11;1,09045E+11;1,30244E+11;1,51982E+11;1,71006E+11;1,86833E+11
Tunisia;TUN;31464019086;33798146188;37266668916;38985429954;41083421171;42931216044;46841251005;50241559387;53236655268;57258903705;61313898054;65074550336;66959827914;71492709893;77993230437;83243203696;90310265370;98980554530;1,05163E+11;1,09032E+11;1,13636E+11;1,13607E+11;1,16862E+11;1,18896E+11;1,23418E+11;1,22945E+11;1,26742E+11;1,3152E+11;1,3932E+11;1,48377E+11;1,42708E+11;1,49937E+11;1,64921E+11;1,70922E+11;1,7742E+11
Caribbean small states;CSS;26070730308;27225491216;28888432619;29741309001;31463521570;33121021490;35487939338;37959729452;40301733721;43038449719;46116518684;48331876034;51287265588;56159668946;60728044628;65445592059;73314824191;78501277763;81709752468;79601803093;82355670523;84828760728;87337287285;88709289188;90666571119;88626556608;86398108449;90529434161;93380648999;98306002295;89872844012;1,04573E+11;1,29645E+11;1,47978E+11;1,74614E+11
Nepal;NPL;16196689761;17810741815;18964671280;20161613006;22283951223;23540289867;25248513851;26980592502;28106804323;29762327039;32323564943;34637822535;35218354121;37330483316;40129377425;42827565905;45633718278;48469053797;52418781247;55132930648;58490655454;61740111910;67896548717;73334815489;80283011240;82282973616;83198953169;1,00972E+11;1,11087E+11;1,21063E+11;1,2269E+11;1,34E+11;1,51638E+11;1,60209E+11;1,70097E+11
Uganda;UGA;11699400049;12766822406;13504120523;14975256378;16274444403;18530332833;20581449480;22004120914;23342908775;25579863871;26981198607;29018837888;32043293154;34791125984;38158688983;41847327035;47790135007;53214123604;58962980524;63361765399;67747293894;75638854428;69771843672;72260074930;77668413712;82192547855;84011710477;86701094762;96102592477;1,04978E+11;1,12575E+11;1,23267E+11;1,38114E+11;1,5072E+11;1,63838E+11
Cameroon;CMR;23025240277;22897314877;22693118130;21388318872;22254990930;23379172434;24810680272;26381154873;27938304948;29611876948;31443201184;33541506638;35587737862;38269320462;42068507448;44354338154;47463977041;50859594132;53315733154;55028202950;57311621819;60470659956;63669714457;69319477138;75494717690;79618697991;85068226005;90902832851;99492538001;1,08174E+11;1,14421E+11;1,29022E+11;1,43386E+11;1,53371E+11;1,62845E+11
Puerto Rico (US);PRI;47430946915;50164929626;53649844276;57472364707;61156651065;65279254319;68012386128;72561523614;77435299157;82763674410;87407772672;95018648280;97379572652;99355198888;1,10953E+11;1,12158E+11;1,13987E+11;1,15714E+11;1,15769E+11;1,14208E+11;1,15119E+11;1,17073E+11;1,17438E+11;1,1722E+11;1,16123E+11;1,14269E+11;1,12229E+11;1,08692E+11;1,10918E+11;1,19616E+11;1,20955E+11;1,32334E+11;1,45961E+11;1,51966E+11;1,60663E+11
Lithuania;LTU;33084134342;32261731616;25982121964;22281964612;20535197135;21655546441;23121145547;25393773537;27673378445;27688903923;29626873338;32823086006;36142792290;41276116355;44231028969;48225773909;53780120738;61762908726;66317584061;57462712608;61412748556;68742918026;73433875023;78660793915;82260097781;83997132845;88542980894;95488665471;1,02878E+11;1,14029E+11;1,15963E+11;1,2883E+11;1,42993E+11;1,46206E+11;1,57151E+11
Costa Rica;CRI;15672949341;16570082513;18507065148;20290358301;21660102972;23032863330;23771284900;25505411392;27637559277;29210012861;31027327622;32833574233;34483122865;36682018260;39335107061;42181713036;46668360606;51870463922;55374923472;55229806543;58897493038;62759466862;67457930828;71836714969;78151240954;84436792704;93454856085;1,00717E+11;1,06583E+11;1,16688E+11;1,11258E+11;1,20696E+11;1,31743E+11;1,43338E+11;1,5422E+11
Turkmenistan;TKM;20008209350;19732257488;17161502422;17831810093;15061808083;14270413260;15505291741;13974587735;15134990047;17881777155;19286953005;20577895419;20951419439;22063453786;23789689667;27733583833;31725984089;36189253578;42308833206;45166542919;49921266918;58441023273;64099926378;69625757915;75798477557;79032357701;82167730669;86403378534;95629644638;1,0531E+11;1,04881E+11;1,16552E+11;1,32603E+11;1,46029E+11;1,52946E+11
Cambodia;KHM;10396290528;11563776555;12657283369;13488340386;8980985671;10077366644;10867053240;11497359838;12170888167;13911358386;15648212291;17182956708;18543232822;20853910301;23440026263;27391055615;31325690955;35520024828;38911165514;40746485215;43335477863;47452391312;53555447531;59026496728;63400653498;69267932041;75271078913;81171550322;91413678746;1,01426E+11;99390356591;1,05674E+11;1,19016E+11;1,29472E+11;1,4058E+11
Bolivia;BOL;16285334762;17722750388;18425080625;19667081617;21024526973;22469554059;23878833796;25494019474;27077132708;27577524725;28909467542;30058157188;31283984732;32766590620;35051931465;37749359761;40780171856;43796805027;47385371261;49278173099;51935331424;55765337778;61696072906;70394877007;76454300115;78777661969;84385715067;96545462750;1,0303E+11;1,07078E+11;98004280065;1,12858E+11;1,25264E+11;1,33771E+11;1,38903E+11
Paraguay;PRY;22748650544;24339602475;25316579877;27196004792;29253835143;31904979127;33000392552;34993657197;35411015358;35421527841;35385622740;35880616250;36430399733;38754792318;41411671091;43621331541;47128136568;51029293969;55391362986;55587466546;62505525105;66529576563;64597743086;72608983990;76522545297;78091620933;83295458688;88597623579;90877352659;92185455052;94492100805;1,02978E+11;1,10514E+11;1,20214E+11;1,28353E+11
Jordan;JOR;15636361819;16425175601;19210169394;20547902360;22029986806;23886580677;24831532321;26095451425;27183603327;28502713259;30385910542;32707488486;35136896933;37321760721;41608792595;46409399613;51712316826;57455973871;62791457386;66352659860;68713655221;72050912802;73887520574;78452380693;80397356422;85588348124;87534483836;94825378274;94604332953;1,00626E+11;1,0408E+11;1,01617E+11;1,11744E+11;1,19103E+11;1,25019E+11
Uruguay;URY;20746904717;22207548149;24515177142;25763211326;28229269051;28403934232;30537308738;33719153243;35638967384;35593573791;35697346087;35097988387;32887458276;33806826337;36453161893;40400855509;43353676275;47441059040;51825143210;54357551864;59311443732;63660006329;65025051255;69119276781;73395678329;74664260125;77184684715;79989594692;82780785900;87589105834;87439329471;99971136650;1,11903E+11;1,1679E+11;1,23332E+11
Slovenia;SVN;26938867645;25371536117;24531923989;25827501799;27784330244;27118369766;28395661031;30292392685;31691090004;33725135987;35577452323;37381898557;39899174676;41747228378;45114082973;47375967614;51328698168;55435876564;59549872276;55508501254;56505035971;58948688238;59218840692;61044782667;63038801633;64680613572;69334151785;74761997302;80094210482;88491661031;87812276776;96790459871;1,07883E+11;1,14404E+11;1,20202E+11
Sudan;SDN;39282199948;43660879339;47593246917;50947318274;52558737453;56878813964;61348495374;73834691685;77881417319;81435239643;88564739249;96445600318;1,03827E+11;1,12536E+11;1,21503E+11;1,32384E+11;1,4538E+11;1,57883E+11;1,67115E+11;1,63492E+11;1,71863E+11;1,69772E+11;1,36999E+11;1,40751E+11;1,6541E+11;1,68783E+11;1,84446E+11;1,81639E+11;1,85735E+11;1,78286E+11;1,56677E+11;1,56168E+11;1,657E+11;1,21136E+11;1,07325E+11
Bahrain;BHR;13849100372;15925300297;17377895954;20079358096;20456821719;21706545442;23012414561;24133299648;25573503155;27050614775;29129541486;30527388692;32039893083;34729663754;38153235357;42013080199;46109468097;51286604421;55539312164;57301203503;60511365802;62950607636;68563454590;70567575887;71379476260;65822385264;67525760773;75332756768;78150406940;83979879528;78668739613;82671890844;94039487080;1,01202E+11;1,06776E+11
Georgia;GEO;28022459546;22857472829;12881529747;9323090782;8532021447;8937096711;10120225607;11377833455;11862555571;12375370152;12888609495;13812366303;14794851741;16755117267;18202347365;20573625162;23206197565;26832289624;28011563813;27155393525;29202260398;32169542974;37512405545;40140934055;43780102412;45707843452;48700949298;51144255244;55979867880;62387596154;62509091761;70150781358;83387742354;93154469864;1,04403E+11
Libya;LBY;76336325963;91272573963;90820566162;89474543885;93153107854;92994492812;96717953735;1,03514E+11;1,00959E+11;1,03156E+11;1,09374E+11;1,09865E+11;1,10502E+11;1,27351E+11;1,3661E+11;1,57619E+11;1,73041E+11;1,88802E+11;1,92128E+11;1,84807E+11;1,96456E+11;99575929952;1,65767E+11;1,33349E+11;1,12538E+11;1,16941E+11;1,12488E+11;1,21473E+11;1,29305E+11;1,12566E+11;77180930239;90199384483;88656571302;1,01175E+11;1,02993E+11
Luxembourg;LUX;11428408566;12836181941;13367607960;14259298276;15120269082;15658413161;16447823251;17817287972;18800270012;21456887316;24050728709;24787997280;26135003699;27188058615;29636196476;31997220940;37280674291;40861414728;44452842913;43244030112;45801210630;48970848493;51308724181;54838614516;58578323746;61453765784;65980119592;68570197216;70910323891;75250600112;76953191626;87543117439;93643147425;94916112739;1,02181E+11
Senegal;SEN;11681748026;12398041146;12847987580;13331428998;13609610968;14654819909;15224558682;15958773498;17090032849;18420888625;19570436636;20873751077;21212690441;22841550967;24544901105;26405610456;27854350284;29417807070;31094983347;32147815841;33641848600;34793989168;36793686307;37962162530;40387333257;43696523921;46623906158;50051751949;53794440219;59654664272;63008586954;71874343647;79963390334;86367675226;94552533446
Zambia;ZMB;11847622937;12243861471;12306119913;13454122934;12556139092;13190866046;14267657281;15067249044;15177810138;16108375734;17115278099;18431148188;19560983499;21332505255;23446682384;25931543608;28843984822;32099889162;35261852124;38750659226;43260717842;46612238753;49567431317;53546651818;54700785565;54731517892;56043424010;59154463774;61869932576;62232372185;60176229608;68672119765;77401882827;84491503485;90033312820
Macao SAR, China;MAC;9358793439;10029349086;11622122881;12514611675;13325492155;14053235564;14250629786;14455875122;13950146607;13813878396;14938598529;15716133516;17382569351;19789123772;25733025090;28683028483;33526838791;39420173221;41542297796;42331193952;53609658524;66543283703;75587734813;88662888143;90217341072;70022650972;70409197227;78445696793;85476958221;84779825204;39219148014;50626336573;43600459871;79074346817;88119857289
El Salvador;SLV;15423444437;16183269032;17714341896;19189336027;20518666722;21940616241;22523596496;23630976029;24530359387;25415347726;26284209878;27112454179;27966864177;28965452811;30008906876;31779534671;34180345453;35755005602;37229049248;36668754238;37913901082;40156336832;41014930722;43540259026;46245033584;49059658945;52431584609;55705683541;57245624328;60709614751;58560345367;67623210510;74584847418;80003362562;84069963660
Latvia;LVA;19835011573;17923043976;12443673424;12103865595;12633030763;13274046170;13849152801;15348679632;16577660527;17211021266;18563678945;20711190610;22538736238;24173922815;26617288805;29874286353;33330006770;38023909320;40573809685;35465016588;36378873546;38349107132;41691428142;43976591824;45804536136;47733302375;50560278536;53695043702;57464098006;61623338377;62223400359;69560319492;75101731516;78495987719;81699623488
Honduras;HND;10158674299;10153620375;11015759481;12009382381;12291798197;13326246861;13824087507;14709081061;15408416678;15511504664;17019478119;17876613256;18835992942;20081264093;21906446702;23960344228;26321301510;28707391567;30498687000;29940608308;31435174934;33314349144;35002761426;36777848313;40422044600;44760245066;48814099005;53891605879;55011170334;57523228911;54491208505;63827909343;71211813749;76412349804;81041415057
Mali;MLI;7556471288;8729554194;8641110125;9126540360;9673753260;9967547261;10866193889;11587355611;12604798275;13511929774;13809595178;16291753167;17058862546;18981975553;19796498956;21949456345;24131957605;25746209690;27957814119;29433670545;31853450079;33817267481;33967900874;36004914476;39053409334;43326258239;48588600864;51646498098;54874814697;59410075204;59141995695;62603712699;69419933565;75310419237;80991580403
Lao PDR;LAO;4363761390;4705167970;5079954040;5507840000;6084424276;6648776915;7239582550;7870515417;8274750149;9004985810;9742974225;10535332008;11332299880;12257140062;13386972232;14788036347;16558002671;18298564184;20110556743;21752548533;23894264991;26347634541;31166890463;34521998381;38868372117;41395269251;46586124702;50122949867;53366707257;56042601063;58135955846;60225053628;66265586058;71221494500;76049830545
Bosnia and Herzegovina;BIH;4637921321;4346551046;4159443276;4165152998;4727650806;5597528862;8789370034;12216998778;14407138419;16002211476;17250728970;18001354031;19535710615;20549407936;22395126485;24398053620;27916736801;30848838159;33896684162;33729448497;34633887613;36525618037;37145784900;39027289744;39811537890;41689899627;44798625490;46722359238;50324993987;54961732518;54010125838;59338714266;67676711040;71703747015;69522273869
Armenia;ARM;9804759537;8950386613;5327833129;4974157580;5354705604;5844198433;6300253203;6621742395;7184981697;7527115894;8151779326;9135524003;10502118179;12208787869;13853487621;16273869613;18990125434;22176749551;24163709284;20884649142;21603503567;23085520248;27043423650;28572642913;29343064967;29315404013;31629425029;35949453239;38233278957;44365671088;43552758697;47164867557;56893939957;63833326718;69234115091
Burkina Faso;BFA;5192843277;5855373513;6002745551;6357733266;6578873266;7100769816;8027218789;8681454236;9420568438;10260410776;10690983444;11654669660;12350989939;13577548764;14567076341;16325164678;17880926557;19120436926;20619182899;21360854973;23446574734;25515102555;26992067760;29071648205;30284926912;31763609327;36383537964;40632395597;42375183591;46790489893;51134807595;54689652541;59465954759;63429415199;68201683193
Estonia;EST;11731036821;11157556653;8996091939;8680667568;8720407484;9302781760;9752450058;11165373440;11713738135;11694825364;13163087062;14311462708;16092414318;18006762794;19811437601;22540852088;26058600906;29764911797;30490357854;27328535102;28782111932;32724505473;34710887167;36681375664;38652432196;39094673598;42036565381;45458506883;49073092322;53853984376;54074496993;58895787306;64477259538;64116051941;67685292223
Guinea;GIN;5602693987;5943540339;6277825362;6750798732;7168677698;7656217336;8144226204;8713947849;9132996537;9615314263;10079248844;10683238861;11409577516;11780111222;12379970120;13150834368;13717651668;15049832152;15973795088;15891883771;16859245458;18172750158;19549354005;20615455554;21491243356;22706690385;27228620630;33281442968;36138275787;40482435337;44550864730;51260936278;57097045520;62429641817;67563663631
Mongolia;MNG;7302015144;6892683695;6397199493;6341315006;6614952541;7184288884;7479331658;7904782844;8260603887;8634719687;8931513814;9402283756;10000318210;10912071503;12396137238;13712180013;15344468579;17375296735;19286329500;19159108636;20626275494;24691841190;28827895154;30272589127;32298614756;31655860017;32468148776;34940501307;39516811632;44456622358;45560002626;50053145882;56320298556;62677497751;67315454532
Guyana;GUY;2265886845;2484421279;2738168418;3032225989;3361216619;3604354553;3962336484;4279786834;4255216161;4443174972;4481852742;4687235407;4813988685;4877995825;5087480362;5144629330;5575318912;6138165415;6366244374;6636845682;6995502297;7510830549;7930672474;8400150803;8405904168;8656533235;8793308786;9408659458;9848942431;10694269146;13581364400;18646751961;32628001897;45225503512;66408625273
Zimbabwe;ZWE;18281142165;19944848246;18560243487;19199960599;21420932758;21904623306;24616665666;25712419326;26751587606;26908272756;26675976008;27669314926;25600136699;21668903859;20959329554;20381963410;20283232096;20071668571;16843609167;19196782459;23253025533;27101368990;31387948467;34688215407;36277750599;38109087386;40834213265;1,04359E+11;39306151206;49040227035;54509873680;50310711159;57206472522;62427821460;65234986601
Benin;BEN;6264447110;6749974293;7107990709;7701140674;8024491427;8688007424;9229636577;9927215098;10436421095;11149451394;12069905285;12999880782;13814866445;14572733236;15627491675;16393603609;17565614140;19121539965;20444297275;21047481283;21753633405;22860459983;24393778410;26896876069;29454694904;30961687094;33245555033;34745526935;36720416644;40076293091;42407309935;46467947985;52893642974;58278092338;64135878351
Albania;ALB;8725965876;6494971136;6165543580;6915047133;7649103430;8849886431;9673050157;8687454825;9653307059;11033937335;12284832047;13620831625;14767949791;15714336013;16937390278;18112067041;20212730165;22527491885;24961568936;26423570171;28419225351;29846424480;30348654006;30653691164;32696809830;33840534295;35112520545;37368669302;39259416337;42219281243;41182971628;45345719391;54015565957;58388027078;63761192698
Nicaragua;NIC;8235899133;8498305479;8725550610;8897275983;9390558012;10154249905;10996157198;11629481060;12196681250;13239574882;14094810965;14838904568;15183115173;15873159639;17165886759;18462276079;19821995460;21392520308;22553839570;21945744534;23192039228;25165708472;26602665592;28187335292;30743442934;33507510695;36662825386;39320729870;37985543206;38779457708;41191106018;47305035692;52476847103;56772319876;60231278860
Madagascar;MDG;14054716201;13613706026;14088368301;14725165790;15033245439;15606083598;16234135987;17124031732;17994782389;19107008187;20410681394;22118357801;19674988012;22026619586;23808012898;25722276418;27946951444;30343273032;33003976083;31886307059;32473669405;33666784884;34340036475;35522723860;37117789638;38053900319;40755587227;41438402027;42523532550;45498322776;43150154156;46835678114;52260133351;56416214294;60207191111
Chad;TCD;5758169021;6460987565;7136977366;6158363138;6927452087;7160156591;7452704792;8009819077;8662905438;8725502285;8844656667;10098150564;11125855243;13015763525;17860592902;21613361023;22163687246;23755813867;24966163327;24783920529;28545454709;30461038960;32170419376;28891559090;30267066736;34824885498;32044391367;32763179282;35993735512;39237861359;37652981933;43413141700;52506266944;56635362494;60124620441
Mozambique;MOZ;3876487206;4204974221;3974943055;4514346155;4907676297;5116944167;5767947004;6560643834;7322310595;8303449441;8556603916;9873700734;10996611842;12023092301;13359389788;14647954898;16596153907;18349679165;19989637478;21305419652;23004781235;25154428817;26184549692;27901295072;30064933094;34986722840;37700803808;36130431042;38466735958;41503339393;43454882039;46205728911;51660358771;56429069635;58863787008
Kyrgyz Republic;KGZ;11170168417;10630564113;9368256103;8107716053;6617613642;6389911213;6967876606;7790830580;8045555485;8457698762;9120091690;9821712906;9972613784;10884450552;11962539832;12315965410;13089706553;14592873715;16123695426;16691390974;16814571637;18183659161;20283491468;23114163151;24971077860;25086544784;28429771863;31241590663;30789434120;34955978965;34834094213;39301901464;45879594489;51814586970;57864889798
Cyprus;CYP;7735431841;8056167681;9014292992;9292556790;10050938500;11119804824;11449832831;11924412798;12737844673;13501989698;14776622060;16043379009;16716296210;17441292886;18887817587;20504236138;22540358371;25230042648;27398512545;27379234961;27791319508;28424626562;27580570522;26247556264;25720924349;27066559063;30552082854;33018000535;35607200077;39790089303;38672028567;43923040810;51062040030;53042918221;57562539071
Tajikistan;TJK;13943620063;13391690261;9724775693;8322617829;6689753767;5981980137;5074216354;5248470243;5589434109;5878240231;6511801776;7296360378;8209998213;9293019173;10525836908;11583212853;12776250025;14145938229;15557549805;16263992677;17531653706;19217458990;21470286381;23981005942;26555018900;25719495030;25833179136;27412327692;28565171551;32973431253;35623586502;39727222945;45964333259;51570629198;57254340774
Gabon;GAB;11757612734;12898222055;12784496984;13604037704;14410380029;15444299195;16297161148;17529515074;18343022247;16940894456;16998421653;17752302023;17983275721;18750444795;19387429858;20530429169;20569582357;22396190415;22072461365;22237544766;24103571967;26345487004;27000996624;27735514310;29386488339;29199274580;29399527404;31914848308;34140586624;36169088371;33623700959;44025399637;48596848106;51576945114;54611645903
Niger;NER;6124299547;6303585938;6576228696;6753760868;7025909093;7349484060;7491559548;7737152662;8604376012;8706977050;8796601714;9648418941;10280284057;10710799713;11038836390;12219683990;13343624936;14135852907;15522168135;15924423036;17500575092;18282764962;20722563498;21071366592;22315918541;23372915804;24586198438;25897150477;28311897040;32566723570;35501317684;38850574078;46573248098;49053754856;54470927080
Rwanda;RWA;4047688797;4079357918;4417349465;4155375490;2111522283;2915153009;3346881456;3876124899;4266919480;4515619866;5004467698;5551320709;6381302688;6650605420;7338080449;8277897288;9320536567;10303793752;11674507626;12480466164;13558663650;14939706887;15752362607;16775811479;19065160590;20727872755;22245840208;24012956928;26543175894;29845483475;29854116562;36505744034;42300132774;47437550806;52904129982
Botswana;BWA;7805485973;8671329801;9127649888;9523045976;10079246883;11014047093;11869540564;13079511381;13285188710;14775672599;15410718626;15797204965;17016408872;18155068538;19147727996;20647947079;23064920596;25062054310;26375667015;22784700973;25395370567;27691773329;26303970534;28558577960;32587870647;31162419272;36266220082;35589435395;36293825139;37220081094;36179872025;43131382325;48741318383;52115142883;51779485613
Papua New Guinea;PNG;6636625576;7516082468;8751992503;10590266618;11459111503;11311837624;12409769800;12130888659;11804858002;12194053549;12159159062;12417865875;12590800157;13117239567;13836515284;15175777705;16490093335;18260499667;18557148783;19941353583;22227994799;22937846466;24453122387;25820522088;29828194890;32085428349;34168434981;36009673548;36731754152;39010933636;38277259228;39820324163;45094122324;48497108861;51703809951
Trinidad and Tobago;TTO;8612212473;9180573279;10337494266;10511717213;11119141565;11784787156;12856714603;14062292626;15375674027;16844585171;18414986312;19614552541;21500303544;25090943425;27814044185;30467245570;35555034981;38254469953;40314012463;38781259247;40557013590;41271904854;42570297061;42557597455;43086668717;40254444954;38222751752;38670271303;38982018421;40174163570;36714254092;41607493862;45056280789;47343724130;49288895346
North Macedonia;MKD;11033540069;10702794254;10228023049;9688393322;9721284633;9814471742;10112592691;10435109668;10937100175;11547072366;12467297223;12314477116;12919294864;13368277065;14577821274;15987113957;17729889080;19113502069;21537235534;22577165165;23342986400;24064094439;24558758914;26269704512;27776051422;28759477965;31372563321;32582642853;34872106944;37942140168;37052260243;40681504692;44084717529;44581273725;47648935134
Moldova;MDA;20531255151;17829490052;12929180912;13076816773;9229018605;9290607152;8904685470;9207437232;8701778415;8527671452;8904650399;9660570037;10575928938;11496523304;12679294797;14057611967;15186699782;16066091172;17652937905;16696108706;18098844324;19546989102;20750685233;23541379306;24700278844;26084243384;28945251499;31001699470;32129614588;35735831416;35646566427;40707659297;41603848486;43618128786;44718897540
Congo, Rep.;COG;8181388861;8660669804;9089401098;9213691382;8893500368;9441835599;10027210025;10136392429;10633422673;10505434343;11557321035;12266930680;13028347253;13393614579;14231948894;15816589850;17606451725;16887417171;18298291842;20553711139;22869548224;23856263886;28717951831;28335651924;28527635282;24035779101;20973960926;23783312192;30668141086;32125052983;27446361623;36903988991;40118334632;42354479276;44497676672
Brunei Darussalam;BRN;17921687474;19067044678;18892985664;19218257779;19823465687;20511782181;20881599199;22589252780;21322422326;22545500772;23857328686;24752160202;26132586771;27603457274;28375370614;29263918756;31402712554;31039593167;30403543327;30009758596;31207137897;33043605269;35387298720;34227281358;33850747328;26475996782;24234121680;26683717611;28522807709;30701487003;31223413950;35346624879;37250061034;39025627136;41648164901
Malawi;MWI;6410072363;7205388186;6829178160;7668613469;7030306344;8378455954;9156093760;9667211209;10156652111;10613744873;11025237006;10712639073;11064057834;11926235759;12910787914;13750850278;14841124507;16706556971;18329372046;19978329414;21611136729;23144997068;22999500003;25181923451;25024588184;23972522500;24755675040;24899003391;25268494147;27587532192;29563756336;33831623933;36577488742;38610812097;40266877391
Mauritius;MUS;5302418751;5724876028;6236678105;6708972332;7135639903;7597624459;8169034862;8782529622;9420496636;9803249315;10847667515;11463230002;11829366608;12777697016;13689455399;14369647699;15533506795;16868057829;18119239840;18835367365;19898752965;21137404891;21663830470;22944243659;24046750508;25271892595;27385974518;28581043971;29194635199;30417972160;26999298653;28793361693;33527657824;36473533933;39108930780
Malta;MLT;3569596938;3921198209;4198689095;4490803747;4845890019;5261287629;5567634447;5918643926;6248507151;6549502445;7103720793;7246287600;7734077578;8296648090;8654828607;8976185853;9412880643;10173218051;10911545503;11041175018;11984407547;12249115250;12901661431;14077424410;15261041157;17048724115;18634286620;21376244916;23313166926;25896969590;25768258954;29433654077;32126739375;34869883002;38690522256
Mauritania;MRT;4040954731;4252311548;4430725302;4802161269;4754577304;5330945209;5744419727;5607128252;5827650394;6127206514;6020496212;6106841806;6287417870;6855760842;7373310008;8255919837;10070769271;10139902985;10301051550;10374730883;10775959019;11457213191;12539868164;14306348182;14875055357;15775044971;19136599347;22539620071;23550299208;25064433258;26408154183;27635403695;31617666981;34886849205;37588430732
Haiti;HTI;15095040162;15898994835;15397845129;14907486585;13406213163;15042028578;15951672045;16665637505;17220641048;17937656673;18503583100;18855377740;19349795916;20418643036;20691393742;21995769796;23075131413;24815757913;25966205177;27665301315;26419005242;28338743512;28499373299;31101506421;31905357620;31841589930;34719284269;36124687052;35046384798;35947134170;34891691693;35658760080;37558509107;38184773699;37477453598
Namibia;NAM;5306693289;5934133855;6505711499;6554721981;6810488168;7224392378;7591428680;8048229364;8406572289;8812782498;9327139077;9649500148;10268715463;10915420257;12584232426;13307073392;14687700518;15896336615;16631951661;16784063685;18013988183;19321711402;20550227216;21847544465;23966035324;24849167508;24880312287;24787610435;25396298134;25469883811;25525198218;27287889638;30811603933;33338484197;35411935194
Equatorial Guinea;GNQ;273843663,3;280210534,6;386174865,3;438945895,6;523047695,2;627393538,2;1064245681;2706202413;3387232896;4316766986;5218606640;8718135555;10576779293;12290755429;17417184474;20971910438;23284349080;27569927684;33102869199;33754473546;31115770393;33829572382;38819917942;37572294948;38043505840;28320531412;25110506259;28802412248;29763387484;27476690018;23476322656;29585328380;32716287050;32168599847;33245374422
Jamaica;JAM;11521456518;12487377433;13021707421;14585698253;15103217255;15782245338;16052903144;16143493119;15943810190;16338833649;16855762170;17467104336;18092832501;19126479087;19900797155;20708227646;21965707098;22883875381;23135445418;22266634916;22208837625;23059255171;23214929063;24023892587;24397287651;25182384150;26411115827;27651386384;28300462384;28468528877;25451633088;27176946494;30634742220;32563744658;33111437467
Iceland;ISL;5598639941;5775035056;5707359074;5919382970;6263970915;6402775818;6660262548;7284697334;7870929434;8198700509;8375093030;9086333221;9375292904;9467640392;10402862044;11074925910;12060170222;12921528405;13879915595;13333310873;12647987098;13059433954;13471498420;14378252059;15058763610;16280817030;17939410955;19106258173;20174853794;21822649369;20447442734;22951036649;28049039292;30156746997;31664276580
Togo;TGO;4439300422;4557304674;4475612868;3890053989;4568382817;5030110340;5574808233;6486275773;6408319918;6660293056;6757797630;6966861585;7345864620;7994296098;8128928446;7992593755;8457418597;8584474485;9102986199;9658654582;10348358489;11176899996;11682939063;12497168116;13473941586;14404273148;15189500689;15997658425;17071648257;18743273071;20432437141;22881375789;25924518421;28578384314;30820719452
Somalia, Fed. Rep.;SOM;;3196142640;2991496642;3184613047;2672117737;2837012928;3121397464;3212707603;3462797042;3768802848;4128217444;4521310704;4941920819;5424016437;5965908467;6590462096;7234365833;7927778186;8621462134;9255348423;9994942776;10884050228;12497699432;12154103353;15043200412;18520522054;21071187606;23819083389;23976304650;24817512990;24216384567;24049850384;26467106676;28575608117;30429157390
Sierra Leone;SLE;5800107037;6137285334;5083677190;5275710863;5283425673;4962679794;5142164695;4923418038;5067621969;5037611643;5494453617;5261673086;6760740234;7548040798;8253190498;8882533947;9548637954;10175086580;10753417039;10985371003;11825553291;13047238199;15180106235;18132893194;18992888503;18016747684;18985500633;18458970769;19947639783;20916106902;21532775188;23085417016;26045397866;28523326333;30381570305
Fiji;FJI;3057554962;3075609780;3337586112;3489474515;3745744773;3919888351;4183251604;4161771056;4263254858;4704059443;4728835182;4932020172;5168940690;5323701730;5756604336;5978659773;6277201051;6392422701;6582878726;6531676713;6806390339;7134734867;7646151649;8253358875;9829197068;10778358104;11015803386;11778089335;12130548809;12094688035;10279861871;9795237652;12570554289;14002772366;14890504165
Eswatini;SWZ;2807272095;2953298542;3118050706;3291104521;3442072394;3683826993;3895394971;4085519830;4239019797;4425864390;4605786407;4759168539;5044821451;5344036678;5686613580;6216737892;6792457077;7285915484;7487313103;7651396257;8038185567;8388385351;8717061582;9303890261;9508092286;9592033992;9757468697;9944607527;9979139798;10911800833;11089502959;12000822910;13000358552;13932070261;14645762517
Maldives;MDV;1017631082;1067223263;1164358702;1258192126;1384642341;1597250635;1754312843;1934431770;2102781091;2264235684;2404575740;2361756431;2572787195;2984325954;3246149994;2973722872;3789796520;4170136725;4632025845;4271869073;4617173541;5129171221;5411041265;6106704771;6916720150;7653295112;8320672193;9059366712;10360598102;11255471307;6741118651;9834087309;11991813789;13010501268;14009213969
Suriname;SUR;2678193506;2843521587;2919954588;2788892863;2945288231;3007041750;3092714578;3325371428;3440087305;3439925148;3591720896;3826844332;3995130088;4330668917;4825129980;5200358636;5671305389;6122697611;6499240326;6736402000;7170692978;7746725932;8543540171;9202587589;9549802478;9622189492;8507962996;10430160138;10704591610;11976970718;10376871438;11405269573;12512408103;13291848753;13999818895
Burundi;BDI;3341974403;3627634055;3747776547;3597206497;3533299258;3321676919;3111889882;3115220514;3299867398;3312763466;3358775149;3505009079;3717749557;3744756275;4031332237;4195152423;4558645468;4843776400;5177129801;5407669584;5753853444;6109378664;6434109701;7175647231;7822936123;8809630119;8676714934;8759744161;8935565006;9549333186;9923498550;10847771569;11836036574;12588790451;13343073380
Liberia;LBR;1748971487;1550909690;1029705163;706514749,9;564563098,1;551809812,3;630022666,9;1322020679;1740724350;2149171527;2826791044;2974850450;3134763219;2233017927;2353140547;2555093117;2845755598;3201556695;3496422550;3704460178;3978191716;4393239184;5059406068;6080102164;6475698206;6245654130;7087452920;8073192529;8899159431;9580659050;8545642458;8095196891;9089317747;9857427644;10579672532
Gambia, The;GMB;1486411781;1584424655;1675284097;1766651123;1807157606;1861318596;1937539929;2067528417;2163941394;2335015318;2519242916;2725374631;2677775682;2918238592;3207980822;3230757094;3311885364;3505132467;3796168816;4074185716;4367340722;4095033765;4218609873;4221821465;4185554930;4427516234;4596488156;4775616329;5465023571;5949796066;6366827515;7155630814;8086871862;8779798182;9508853052
Bermuda;BMU;2068931683;2063302184;2109061167;2224009319;2285116527;2435661678;2544751276;2707711381;2844929976;2982784270;3334556050;3655898958;3657845332;3857284208;4052955585;4250016553;4623961353;4908105012;4909322336;4661665611;4600224451;4519405327;4401060438;4546789584;4573359854;4819676018;5102072630;5447424723;5488075615;5832740628;5481895565;5968282122;6807865903;7399642886;7738130439
Lesotho;LSO;1382711467;1529057872;1672693666;1772441137;1918539102;2023226631;2175581042;2295062171;2356542358;2401266219;2550829821;2701162149;2762993887;2946017813;3076437173;3282873967;3527263619;3774547162;4059772691;4033598930;4297759286;4588922382;4661713348;5219948224;5764436176;6386751308;6268088274;5649078944;5747871433;5674505764;5721443976;5755132494;6312660805;6659272959;7008693666
Central African Republic;CAF;1781707624;1831783984;1753170790;1800743915;1929312915;2111588545;2064234891;2211121275;2341065142;2459663882;2452761382;2619965169;2756903877;2659592507;2894838239;3012720151;3253799664;3495935181;3636486381;3973116133;4207624657;4474567487;4897034572;3295437289;3231436576;3559349379;3893548336;4236556480;4419174297;4869757045;5359843443;5769272622;6208645631;6477079364;6735836124
Guinea-Bissau;GNB;802402814,3;871845030,6;901521952,9;942271661,5;993187544,3;1058628103;1203058146;1303351534;1022164894;1210939006;1251994643;1341455004;1412078756;1435840348;1491730323;1639425115;1735045771;1827670101;1947171585;2007141164;2145408523;2366706434;2315038823;2401201175;2534913687;3090468073;3342056307;3907712652;3955763486;4401364261;4651372626;5113853514;5784423379;6260059860;6720047739
Timor-Leste;TLS;521048755,3;596384217,6;673775394,2;760133027,8;831662484,3;905830464,9;996042886,9;1053747832;1044278772;683595120,4;1105092170;1314742004;1245667674;1242540622;1281057493;1360657465;1344884866;1523119268;1729365752;1916592415;2120905058;2293643876;2707989841;2973246949;3380077842;3745031233;4164913919;4334794317;4544057140;5927904535;8131467056;9214418303;7843625022;6653072514;6664784682
Barbados;BRB;2862928876;2844320323;2743534936;2830839469;2949420932;3071907845;3252537281;3465457866;3635065443;3698842299;3950848950;3944249543;4037082697;4206347334;4380433119;4696478448;5135204147;5383993122;5522489627;5277763799;5223435780;5292206732;4967435168;4999266451;4941377803;4967346925;5036587067;5014752559;5207517103;5275547370;4457727484;4425161020;5586046010;6023965380;6404076765
Belize;BLZ;819064249;946517922,4;1091335344;1185777488;1210856334;1245304990;1282130597;1359476744;1428239880;1584964655;1819268793;1953132525;2090535194;2337883566;2515527394;2651984342;2857099678;3032907162;3039342498;3046182781;3117550616;3174088035;3098710710;3250377139;3311260718;3398772050;3428786071;3404254285;3622682735;4063289991;3758836239;4616637500;5423194808;5682898282;6294776297
Andorra;AND;1310131885;1388922115;1433773796;1452619189;1518993228;1593606272;1698236547;1884167760;1966215055;2075776156;2197696492;2429638531;2579571697;2859201638;3174958698;3451259351;3728768818;3889274660;3743831887;3567168968;3539214038;3611940400;3496180920;3429540495;3576657555;3661620792;3833543205;3915698821;4152298790;4395348448;4031176208;4649508749;5457407403;5799854947;6140390670
Cabo Verde;CPV;392118599,5;411071432,1;466425301,5;519061637,7;631840378,8;736765678;835381892,8;944270626,8;1074408389;1211895682;1416386647;1480599873;1582561152;1681202609;1902455066;2097735411;2335068853;2762175354;3013570388;2986566391;3078374146;3265194483;3234562964;3261480005;3287510389;3470693995;3767658154;4070196658;4064409366;4444817984;3526877323;3970664151;4927702546;5380239593;5911044393
St. Lucia;LCA;958222550,8;994349400,8;1097892682;1130470982;1173065896;1218599261;1277175599;1290181690;1386700032;1443880515;1477307041;1459090175;1487935173;1582019145;1742624518;1789889460;1959394599;2046523143;2189194267;2140384715;2173546036;2314377079;2320160606;2428896995;2508124115;2510450379;2688565161;2844567884;3085990649;3324021510;2658092446;3409978231;4397900558;4656839899;4955061818
Seychelles;SYC;622431372,6;661243641;724824607,7;796196703,9;793382976,9;813946629,8;911715858,8;1040526382;1078183420;1113910040;1187592257;1186753669;1219812768;1170665972;1167879581;1312972127;1480770424;1655883380;1641779267;1610948499;1703983497;1904526850;1965962288;2022705630;2282561394;2376133657;2727776637;2939950359;3105218261;3340635866;3057830378;2975737695;3593088409;3806479822;4033634641
Comoros;COM;616155996,9;602623386,8;668937539,5;705378845,5;682424023,6;721885804,9;725606605,4;767866656,2;786455135,2;812933027,7;921531120,3;964263687,3;1002015276;1043295534;1091916953;1158108658;1225422797;1268692183;1344404020;1440444475;1527947032;1651294242;1825883022;1971983806;2090119635;2143329246;2328363278;2532916585;2549756540;2605735932;2616330804;2821917778;3108308932;3318845024;3514286025
Antigua and Barbuda;ATG;819608596,2;865771251,7;895759895,3;965408471;1051852685;1027086737;1114970754;1196252709;1266931123;1332498766;1447217180;1412500912;1449186283;1567598183;1702588349;1869648421;2172230129;2438910773;2485553313;2201706021;2053740262;2055053749;2008004316;1916318723;1923668371;1876287100;1918178442;1938005691;2229888664;2425768091;2054603458;2377570792;2779062289;2948949156;3150959939
Grenada;GRD;455099745,1;477009219,2;483726983,7;485492969,1;504256860,9;525792724;559181891,6;597354064,1;675066615,3;731847002,6;785007409,9;786437834,1;826111531;922148126,2;940814495,6;1099133929;1087761180;1185644561;1219939433;1146288151;1154288424;1187112475;1192607537;1270986764;1395680066;1515375643;1609230218;1736355202;1848147435;1907436735;1670787843;1785107390;2052376386;2225731370;2363736937
Solomon Islands;SLB;419692327,6;459918668,8;530140279,5;564414576,7;623159696,6;700411749,3;724717058,3;730475717,9;748225494,3;755127828,3;661981252,6;623029784;614995816,1;668048893,4;738721774,1;817942284,4;878058873,7;934672062,4;1011994076;1047400863;1163051301;1275243267;1331023521;1424577978;1466625069;1505046895;1603745491;1682669411;1768482075;1829103726;1790742947;1920525664;2106879008;2240672979;2353128857
St. Vincent and the Grenadines;VCT;442817650;462991490,1;503744644,5;537605411,1;542233848,7;596599196,8;615345866,1;647897929;681977547;710373471,6;738371807,3;768196754;821810266,4;894111156,3;955933884,5;1010441612;1114482104;1182713539;1210378945;1201060076;1161310870;1178083969;1194845820;1257054508;1304999923;1324041018;1435017819;1434420869;1541347209;1597875533;1587736725;1666116701;1840427498;2008208590;2140311608
Samoa;WSM;363150143,2;366796231,9;374404722;398993748,2;397153665;432541077,8;472080364,5;483311007,6;499470138,8;517608189,7;556292193;610854565;655408983,7;703187363,5;744389691,6;818700829,6;861942275,8;889596896,9;938981358;939655191,2;1009325357;1069800076;1049051692;1068050014;1093822437;1146480554;1249779115;1290050365;1311559076;1392558354;1367201018;1328426325;1347620477;1524676298;1708678659
St. Kitts and Nevis;KNA;363220495,8;368501946,7;392989313,3;429668980,9;462109503,2;497196086,3;535880781,7;582320695,2;585998920,8;613426888;690322971,4;742949267,8;764813996,9;749236741,5;800131640,6;905536529,6;962869402,8;994895716,6;1128826508;1097118232;1109849563;1151059045;1103295123;1159047589;1259894306;1265579265;1328207470;1391674596;1447606596;1525099297;1280771310;1257766534;1486796319;1606969717;1665025420
Sao Tome and Principe;STP;185010526,6;193564361,9;199361233,7;206331693,9;215373508,5;224287008,2;231819075,4;238166165,6;246863874,9;256616187,7;263605693,7;277801323;291598047,8;322010367,9;342368285;376459531,2;422475544,1;449722627,8;486939448;506122665,9;519693559,7;541020702,7;510473177,6;568963141,1;636217933,4;635224720,8;676154316,2;711213101,7;828353862,9;993443247,5;1118602099;1272434617;1365452218;1419852370;1467273475
Dominica;DMA;324979496,6;340497771,9;355324824,7;371609260,1;379674727,5;399384017,9;419320459,1;435874248,2;457408657,7;465523945,9;487210029,9;497862427;489989209,6;528668357,4;565131241,2;588185427,9;633007064,6;684991860,9;747909931,2;743976105,7;752222280;768069573,2;754831354,3;786822292;850337552,4;851449231,9;901049875,8;869638618;1027375175;1087477953;962493750,7;1062394694;1256467931;1349220674;1410211842
Vanuatu;VUT;247207393,8;263611821,9;276589921,9;285228393,1;317774583,8;327694499,4;341459988,4;364392018;372823853,5;379374981,4;410954961,8;405931466,5;390810090,3;415616038;443810203,5;482009511,9;538912895,7;569431889,3;612911523,9;635422647,2;651241193,6;685546560,5;705365858,1;720694566,5;752127701,4;789213371;824371706,5;876162788,4;922227587,1;967833106,3;931732926,1;959152084,3;1080824945;1108914310;1180786248
Kiribati;KIR;89192035,8;86999784,33;110301879,3;112798965,1;117563734,7;123332119,2;125524674,4;129192354,9;136447881,2;132962287,4;145142424;143744361;148090670,5;148635263,8;151702715,6;158481412,6;172806424,6;182910603,4;180870183,2;182962657,4;187456471,8;197568194,3;212926945;233292072,9;240354497,9;269913079,5;291791468,1;308152392;326179430,7;342386077;341842564,5;387761958,2;434376227,3;461941012,8;498029490,2
Micronesia, Fed. Sts.;FSM;170359027,5;189201300,2;201268951,2;222812658,8;226353740,6;247310078,8;243823331,4;232995119,7;242329876,8;249136889,5;267096162,2;279030285,9;284916409,3;295109203,4;293710700,2;309105087;318379110,8;321000409,4;319304925,2;324786183,7;336160633,4;354035867,5;353896313,4;346675014,2;344580003,4;363851742,3;369087659,1;378789451,8;387467102,5;409938118,7;408436301,4;440323830,7;458009181,6;476777888;491818179,3
Marshall Islands;MHL;93825565,11;97083732,78;106386748,3;115449773,9;124845534,2;137932080,3;125986037,4;119897913,4;120428094,4;120502144,4;126256390,3;138045931,1;145288213,8;145842934,7;149153206,3;156584998,6;161697836,9;172204501,1;162241749,9;169225654,6;180769874,2;183572222,1;184577180,2;194868626,2;195765211,1;201307890,6;208309785,8;219584916,9;236940414,7;266025061,4;262085491,9;277401943,2;293856595,5;292451749,9;307823221,3
Nauru;NRU;158212830,7;132496448,4;113480569,6;97446806,53;95679627,46;89945610,76;80729913,07;74769167,52;66696646,44;63197701,36;60198146,05;57391926,57;52472093,39;53660372;52725732,62;54185525,97;60508675;48360285,54;59338214,58;56329759,91;56923118,22;66460427,26;84811632,01;89401383,91;105896820,3;109763217,8;115641068,7;110636035,4;111790898;123279953,7;127393790,1;142810518,1;157507758,5;164230287,4;171162307,3
Aruba;ABW;1363802058;1522193652;1648463551;1810857556;2001255995;2095259749;2158919232;2350908522;2424685610;2489440705;2739898103;2918754741;2936102553;3027319748;3335469124;3426871110;3572376597;3782521886;3926175809;3489075178;3434946034;3623931877;3549697827;3793907214;3808447874;3881688127;3926948315;4080273098;4278670722;4270959491;3146467247;3844492519;4469402564;4827649140;
Afghanistan;AFG;;;;;;;;;;;16377032684;15166333855;19806995164;21981995256;22892320780;26261445895;28521625037;33344679967;35321124705;43140953896;49936634725;51184181904;60766467131;67458857273;72946664022;77274315044;76798750471;83362066704;89369237678;97800733345;1,00094E+11;85767546198;86148711749;91271896894;
American Samoa;ASM;;;;;;;;;;;;;;;;;;;;;;;;;;;;;;;;;;;
Bhutan;BTN;965176566,5;993747163,6;1063156361;1109975372;1189809535;1300689411;1398212796;1498757657;1605234831;1757925586;1858061640;2039131169;2287090950;2513847014;2714578405;2993853472;3260264371;3887877076;4142277506;4487394037;5083865946;5629238207;6152394144;6285876278;6835344113;7564534468;8430904601;8808682290;9093982076;9873190251;9605861813;10436528612;11763540572;12781872655;
Channel Islands;CHI;;;;;;;;;;;;;;;;;;;;;;;;;;;;;;;;;;;
Cuba;CUB;;;;;;;;;;;;;;;;;;;;;;;;;;;;;;;;;;;
Curacao;CUW;;;;;;;;;;;2930335331;2975470407;3033707214;3102517491;3192588363;3314963114;3473094180;3655297542;3807244972;3810374355;3859855630;3959519302;3818320184;3818138347;3796034990;3797467730;3775988376;3895735785;3923336910;3998528545;3377382704;3834193241;4432992604;4785486256;
Cayman Islands;CYM;;;;;;;;;;;;;;;;;3626595917;3842652813;3902691282;3644016497;3588140922;3704981221;3698215082;3733288333;3823800533;3945662306;4144412722;4389520710;4735347953;4894495647;4541293667;5198568359;5856365564;6331606438;
Eritrea;ERI;;;1835746158;2132109181;2639758595;2772142459;3084261046;3385578350;3484314347;3534097150;3500595222;3892811387;4072119264;4042244998;4211205245;4455060340;4547936344;4737800725;4356653616;4553452014;4709915124;5224331270;;;;;;;;;;;;;
Faroe Islands;FRO;;;;;;;;;;;;;;;;;;;1998199788;1918979131;1934923023;2045272663;2230891737;2401726484;2576292786;2625111870;2686800586;2830966519;3005353973;3222676563;3240676995;3612505898;4007679027;4255233983;
Gibraltar;GIB;;;;;;;;;;;;;;;;;;;;;;;;;;;;;;;;;;;
Greenland;GRL;1138268535;1175427420;1140760141;1109083672;1199873985;1270709083;1313765865;1356052115;1477676927;1519236309;1663983935;1723043713;1732825868;1845317864;2025815684;2193539586;2386809293;2509143534;2715185516;2755589488;2837491311;2881652503;2976237573;2987592053;3183767613;3132039400;3309838081;3370887241;3462603876;3613246575;3663823636;3926166709;4290395274;4483270596;
Guam;GUM;;;;;;;;;;;;;;;;;;;;;;;;;;;;;;;;;;;
Isle of Man;IMN;;;;;;;;;;;;;;;;;;;;;;;;;;;;;;;;;;;
Not classified;INX;;;;;;;;;;;;;;;;;;;;;;;;;;;;;;;;;;;
Korea, Rep.;KOR;3,58187E+11;4,10211E+11;4,45567E+11;4,87498E+11;5,44058E+11;6,08872E+11;6,68944E+11;7,22469E+11;6,93125E+11;7,83493E+11;8,71476E+11;9,34349E+11;1,01945E+12;1,05822E+12;1,14311E+12;1,21362E+12;1,30223E+12;1,41499E+12;1,469E+12;1,45499E+12;1,57268E+12;1,62528E+12;1,68456E+12;1,7269E+12;1,7926E+12;1,93385E+12;2,02697E+12;2,10365E+12;2,22044E+12;2,27067E+12;2,34003E+12;2,50666E+12;2,64726E+12;2,6996E+12;
Lebanon;LBN;10750781535;16610108798;19781278548;22430224368;24765996545;26915874162;30501961987;31355287004;32869994200;33159932512;34366112724;36489188156;38324718401;40342563133;44194530903;46804414733;48995393157;55008171422;61152899774;67825932483;74125159477;76310623816;84407152005;93707683517;1,0244E+11;1,10329E+11;1,19762E+11;1,2914E+11;1,31564E+11;1,25803E+11;92719310021;66328931530;70616088355;72600709792;
Liechtenstein;LIE;;;;;;;;;;;;;;;;;;;;;;;;;;;;;;;;;;;
St. Martin (French part);MAF;;;;;;;;;;;;;;;;;;;;;;;;;;;;;;;;;;;
Monaco;MCO;;;;;;;;;;;;;;;;;;;;;;;;;;;;;;;;;;;
Northern Mariana Islands;MNP;;;;;;;;;;;;;;;;;;;;;;;;;;;;;;;;;;;
New Caledonia;NCL;;;;;;;;;;;;;;;;;;;;;;;;;;;;;;;;;;;
Palau;PLW;146551230,9;158939091,7;152157108,5;136604727;149706622;169505646;190560295,2;198304858,7;204544180,1;196236974,8;195456558,4;212849250;226999666,7;224020069,1;239105659,7;255021640,2;262560848,8;274404471,8;264325266,4;246645667,1;247406576,6;265435057,8;273766846,5;269972384,7;287776233,7;314263509,2;315854159,9;311029185,4;318504519,3;324408898,5;308998425,9;278538180,3;294462365,9;310784315,6;
Korea, Dem. People's Rep.;PRK;;;;;;;;;;;;;;;;;;;;;;;;;;;;;;;;;;;
French Polynesia;PYF;;;;;;;;;;;;;;;;;;;;;;;;;;;;;;;;;;;
San Marino;SMR;;;;;;;;1146203066;1245617706;1377559955;1439466702;1553985488;1583039186;1676814405;1800232207;1901704090;2035432565;2239203607;2270913390;2049094350;1960472690;1834547471;1716096718;1677503707;1727750658;1718776396;1755447198;1774575169;1880099391;1991185509;1919532829;2217650250;2563404992;;
South Sudan;SSD;;;;;;;;;;;;;;;;;;;25459846094;26908388739;28731556887;27963579014;15245740379;21404113973;15423015949;12827976279;;;;;;;;;
Syrian Arab Republic;SYR;;;;;;;;;;;;;;;;;;;;;;;;;;;;62769892394;67658923201;71281640286;78675556558;99337766654;1,072E+11;1,09717E+11;
Tonga;TON;240850946,3;264969053,2;271690178,3;288526783,5;309281859,1;335432982;341891354,5;345698499,9;357598159,9;371008601,6;393656192;408527645,9;433251935,8;442034571,9;444988336,9;455922517;459804185,6;460623493,3;492329331,6;469957723,1;479590457,7;522298523;536917937,7;548206674,8;568856651,6;580530288,9;624718688,2;656269919,9;675919873,3;685643603,6;707144886,4;742114235,1;776659170,8;821375658,7;
Tuvalu;TUV;14743644,74;15792367,56;16602704,84;17694928,46;19931239,31;19330772,59;18511197,21;20714076,42;24193884,66;24152536,59;24788173,88;24884455,67;28053935,52;26856121,07;27140394,81;27112989,41;28027173,79;30895743,17;33967419,61;32240162,89;31259598,41;34236508,28;34665165,2;36052623,99;37552677,43;41393609,29;44057326,2;45940206,06;47645549,29;55123835,93;53265739,91;54568264,11;56566149,33;60378318,78;
Venezuela, RB;VEN;1,88302E+11;2,13611E+11;2,3172E+11;2,37866E+11;2,37237E+11;2,51782E+11;2,55885E+11;2,76881E+11;2,80816E+11;2,67786E+11;2,83949E+11;3,00197E+11;2,77865E+11;2,61376E+11;3,17487E+11;3,61227E+11;4,09127E+11;4,56995E+11;4,90384E+11;4,77608E+11;4,76215E+11;5,06339E+11;;;;;;;;;;;;;
British Virgin Islands;VGB;;;;;;;;;;;;;;;;;;;;;;;;;;;;;;;;;;;
Virgin Islands (U.S.);VIR;;;;;;;;;;;;;3484597260;3539319861;3753920923;4006561447;4274877588;4566788026;4711501045;4427930708;4508471122;4223968621;3665299425;3493388057;3491158655;3508580171;3598624006;3636133957;3931910844;4269082993;4437509717;4964620107;5248832929;;
Yemen, Rep.;YEM;24199282829;26592141620;29430451648;31333763342;34154013387;36847033048;39260730081;42026949960;45052078143;47414634385;51486196947;54647955087;57681123955;61024147889;65154636473;70955047111;75462123299;80094088855;84615045550;88428524134;96396994276;85876120604;85440860541;92755605480;;;;;;;;;;;
